algorithm,runtime,Budget,graph_nodes,edge_probability,Nodes_Saved
spreading_maxsave,0.11266760004218668,1,50,0.1,10
heuristic_maxsave,0.04963399993721396,1,50,0.1,10
spreading_maxsave,0.2898441000143066,2,50,0.1,13
heuristic_maxsave,0.04310419992543757,2,50,0.1,13
spreading_maxsave,0.22773869999218732,3,50,0.1,13
heuristic_maxsave,0.03022339998278767,3,50,0.1,13
spreading_maxsave,0.37675339996349066,5,50,0.1,13
heuristic_maxsave,0.03398199996445328,5,50,0.1,13
spreading_maxsave,0.5463948999531567,7,50,0.1,13
heuristic_maxsave,0.03250329999718815,7,50,0.1,13
spreading_maxsave,0.5731595000252128,10,50,0.1,13
heuristic_maxsave,0.03131370001938194,10,50,0.1,13
spreading_maxsave,0.1533193999202922,1,50,0.1,14
heuristic_maxsave,0.06628530006855726,1,50,0.1,9
spreading_maxsave,0.18450620002113283,2,50,0.1,17
heuristic_maxsave,0.07319520006421953,2,50,0.1,18
spreading_maxsave,0.24930809997022152,3,50,0.1,18
heuristic_maxsave,0.035417100065387785,3,50,0.1,18
spreading_maxsave,0.24972910003270954,5,50,0.1,18
heuristic_maxsave,0.022170000011101365,5,50,0.1,18
spreading_maxsave,0.2938546999357641,7,50,0.1,18
heuristic_maxsave,0.018906099954620004,7,50,0.1,18
spreading_maxsave,0.478895099950023,10,50,0.1,18
heuristic_maxsave,0.01996190007776022,10,50,0.1,18
spreading_maxsave,0.13079920003656298,1,50,0.1,10
heuristic_maxsave,0.042608799994923174,1,50,0.1,11
spreading_maxsave,0.1662775999866426,2,50,0.1,11
heuristic_maxsave,0.08804930001497269,2,50,0.1,13
spreading_maxsave,0.21506880002561957,3,50,0.1,12
heuristic_maxsave,0.05665689997840673,3,50,0.1,13
spreading_maxsave,0.2949857999337837,5,50,0.1,13
heuristic_maxsave,0.03804879996459931,5,50,0.1,13
spreading_maxsave,0.4113922999240458,7,50,0.1,13
heuristic_maxsave,0.027453699964098632,7,50,0.1,13
spreading_maxsave,0.3512612999184057,10,50,0.1,13
heuristic_maxsave,0.020667499979026616,10,50,0.1,13
spreading_maxsave,0.6324744001030922,1,50,0.1,11
heuristic_maxsave,1.73240330000408,1,50,0.1,11
spreading_maxsave,2.0456034999806434,2,50,0.1,12
heuristic_maxsave,0.14271990000270307,2,50,0.1,12
spreading_maxsave,0.28262650000397116,3,50,0.1,12
heuristic_maxsave,0.0399693000363186,3,50,0.1,12
spreading_maxsave,0.5569997999118641,5,50,0.1,12
heuristic_maxsave,0.0338549999287352,5,50,0.1,12
spreading_maxsave,0.41147730010561645,7,50,0.1,12
heuristic_maxsave,0.02030670002568513,7,50,0.1,12
spreading_maxsave,0.4165711000096053,10,50,0.1,12
heuristic_maxsave,0.03254219994414598,10,50,0.1,12
spreading_maxsave,0.1226062000496313,1,50,0.1,15
heuristic_maxsave,0.08080739993602037,1,50,0.1,13
spreading_maxsave,0.1607130999909714,2,50,0.1,17
heuristic_maxsave,0.04736409999895841,2,50,0.1,19
spreading_maxsave,0.13802189996931702,3,50,0.1,18
heuristic_maxsave,0.01596450002398342,3,50,0.1,19
spreading_maxsave,0.19641460001002997,5,50,0.1,19
heuristic_maxsave,0.014565399964340031,5,50,0.1,19
spreading_maxsave,0.21958659996744245,7,50,0.1,19
heuristic_maxsave,0.018118300009518862,7,50,0.1,19
spreading_maxsave,0.2606815000763163,10,50,0.1,19
heuristic_maxsave,0.01393470005132258,10,50,0.1,19
spreading_maxsave,0.33789740002248436,1,50,0.1,4
heuristic_maxsave,0.2874507000669837,1,50,0.1,6
spreading_maxsave,0.31750680005643517,2,50,0.1,5
heuristic_maxsave,0.11547289998270571,2,50,0.1,6
spreading_maxsave,0.38169459998607635,3,50,0.1,6
heuristic_maxsave,0.0882448999909684,3,50,0.1,6
spreading_maxsave,0.4117889000335708,5,50,0.1,6
heuristic_maxsave,0.05216630001086742,5,50,0.1,6
spreading_maxsave,0.5332068999996409,7,50,0.1,6
heuristic_maxsave,0.019621299928985536,7,50,0.1,6
spreading_maxsave,0.4013626000378281,10,50,0.1,6
heuristic_maxsave,0.026141099981032312,10,50,0.1,6
spreading_maxsave,0.11829520005267113,1,50,0.1,14
heuristic_maxsave,0.033607699908316135,1,50,0.1,13
spreading_maxsave,0.10789650003425777,2,50,0.1,15
heuristic_maxsave,0.049424100085161626,2,50,0.1,15
spreading_maxsave,0.16578739997930825,3,50,0.1,15
heuristic_maxsave,0.02028299996163696,3,50,0.1,15
spreading_maxsave,0.18521369993686676,5,50,0.1,15
heuristic_maxsave,0.013226000010035932,5,50,0.1,15
spreading_maxsave,0.20085040002595633,7,50,0.1,15
heuristic_maxsave,0.013139599934220314,7,50,0.1,15
spreading_maxsave,0.25736759998835623,10,50,0.1,15
heuristic_maxsave,0.015123499906621873,10,50,0.1,15
spreading_maxsave,0.08997400000225753,1,50,0.1,12
heuristic_maxsave,0.045953999971970916,1,50,0.1,13
spreading_maxsave,0.11605840001720935,2,50,0.1,16
heuristic_maxsave,0.1327515000011772,2,50,0.1,17
spreading_maxsave,0.1584465999621898,3,50,0.1,16
heuristic_maxsave,0.01592579996213317,3,50,0.1,17
spreading_maxsave,0.1579377999296412,5,50,0.1,17
heuristic_maxsave,0.014284099917858839,5,50,0.1,17
spreading_maxsave,0.20585330005269498,7,50,0.1,17
heuristic_maxsave,0.014514699927531183,7,50,0.1,17
spreading_maxsave,0.22320430004037917,10,50,0.1,17
heuristic_maxsave,0.014148500049486756,10,50,0.1,17
spreading_maxsave,0.08864930004347116,1,50,0.1,3
heuristic_maxsave,0.032071000081487,1,50,0.1,4
spreading_maxsave,0.14668980007991195,2,50,0.1,4
heuristic_maxsave,0.03885700006503612,2,50,0.1,4
spreading_maxsave,0.14046549994964153,3,50,0.1,4
heuristic_maxsave,0.02143730001989752,3,50,0.1,4
spreading_maxsave,0.16789899999275804,5,50,0.1,4
heuristic_maxsave,0.014012499945238233,5,50,0.1,4
spreading_maxsave,0.20128610008396208,7,50,0.1,4
heuristic_maxsave,0.014899699948728085,7,50,0.1,4
spreading_maxsave,0.23834219994023442,10,50,0.1,4
heuristic_maxsave,0.012845000019297004,10,50,0.1,4
spreading_maxsave,0.10490099992603064,1,50,0.1,8
heuristic_maxsave,0.043893099995329976,1,50,0.1,8
spreading_maxsave,0.13169229996856302,2,50,0.1,9
heuristic_maxsave,0.03716750000603497,2,50,0.1,10
spreading_maxsave,0.13876640005037189,3,50,0.1,10
heuristic_maxsave,0.01733319996856153,3,50,0.1,11
spreading_maxsave,0.25953089992981404,5,50,0.1,11
heuristic_maxsave,0.0142545000417158,5,50,0.1,11
spreading_maxsave,0.21595360001083463,7,50,0.1,11
heuristic_maxsave,0.01345450000371784,7,50,0.1,11
spreading_maxsave,0.3772495000157505,10,50,0.1,11
heuristic_maxsave,0.015482199960388243,10,50,0.1,11
spreading_maxsave,0.07751609990373254,1,50,0.25,13
heuristic_maxsave,0.04256480000913143,1,50,0.25,13
spreading_maxsave,0.10212459997273982,2,50,0.25,20
heuristic_maxsave,0.04657999996561557,2,50,0.25,16
spreading_maxsave,0.13753079995512962,3,50,0.25,22
heuristic_maxsave,0.06801250006537884,3,50,0.25,23
spreading_maxsave,0.19303149997722358,5,50,0.25,23
heuristic_maxsave,0.07743539998773485,5,50,0.25,23
spreading_maxsave,0.27735999994911253,7,50,0.25,23
heuristic_maxsave,0.05484439991414547,7,50,0.25,23
spreading_maxsave,0.2538086000131443,10,50,0.25,23
heuristic_maxsave,0.037263300037011504,10,50,0.25,23
spreading_maxsave,0.19576329994015396,1,50,0.25,8
heuristic_maxsave,0.05333180003799498,1,50,0.25,7
spreading_maxsave,0.10084480000659823,2,50,0.25,10
heuristic_maxsave,0.05067050002980977,2,50,0.25,11
spreading_maxsave,0.13503950007725507,3,50,0.25,10
heuristic_maxsave,0.05092700000386685,3,50,0.25,11
spreading_maxsave,0.1386652000946924,5,50,0.25,11
heuristic_maxsave,0.049659500014968216,5,50,0.25,11
spreading_maxsave,0.16183080000337213,7,50,0.25,11
heuristic_maxsave,0.04914919997099787,7,50,0.25,11
spreading_maxsave,0.209900000016205,10,50,0.25,11
heuristic_maxsave,0.03173459996469319,10,50,0.25,11
spreading_maxsave,0.07379059994127601,1,50,0.25,11
heuristic_maxsave,0.05656789999920875,1,50,0.25,7
spreading_maxsave,0.13544169999659061,2,50,0.25,14
heuristic_maxsave,0.05631240003276616,2,50,0.25,11
spreading_maxsave,0.1389859999762848,3,50,0.25,15
heuristic_maxsave,0.05278669996187091,3,50,0.25,14
spreading_maxsave,0.1806508000008762,5,50,0.25,17
heuristic_maxsave,0.04513300000689924,5,50,0.25,17
spreading_maxsave,0.208839499973692,7,50,0.25,17
heuristic_maxsave,0.05217739997897297,7,50,0.25,17
spreading_maxsave,0.2692412999458611,10,50,0.25,17
heuristic_maxsave,0.050244799931533635,10,50,0.25,17
spreading_maxsave,0.08390219998545945,1,50,0.25,2
heuristic_maxsave,0.038785000098869205,1,50,0.25,3
spreading_maxsave,0.24485520005691797,2,50,0.25,3
heuristic_maxsave,0.06999979994725436,2,50,0.25,3
spreading_maxsave,0.14819730003364384,3,50,0.25,3
heuristic_maxsave,0.052012400003150105,3,50,0.25,3
spreading_maxsave,0.1651492000091821,5,50,0.25,3
heuristic_maxsave,0.05245620000641793,5,50,0.25,3
spreading_maxsave,0.23518250009510666,7,50,0.25,3
heuristic_maxsave,0.04551070008892566,7,50,0.25,3
spreading_maxsave,0.29919609997887164,10,50,0.25,3
heuristic_maxsave,0.0559801000636071,10,50,0.25,3
spreading_maxsave,0.13137789990287274,1,50,0.25,10
heuristic_maxsave,0.05398630001582205,1,50,0.25,6
spreading_maxsave,0.12832910008728504,2,50,0.25,12
heuristic_maxsave,0.062374699977226555,2,50,0.25,9
spreading_maxsave,0.1358664999715984,3,50,0.25,13
heuristic_maxsave,0.05213640001602471,3,50,0.25,14
spreading_maxsave,0.1582406999077648,5,50,0.25,14
heuristic_maxsave,0.054771500057540834,5,50,0.25,14
spreading_maxsave,0.22594929998740554,7,50,0.25,14
heuristic_maxsave,0.050406399997882545,7,50,0.25,14
spreading_maxsave,0.2382270999951288,10,50,0.25,14
heuristic_maxsave,0.03412239998579025,10,50,0.25,14
spreading_maxsave,0.08819799998309463,1,50,0.25,12
heuristic_maxsave,0.10460500000044703,1,50,0.25,10
spreading_maxsave,0.22915680008009076,2,50,0.25,18
heuristic_maxsave,0.06071299989707768,2,50,0.25,15
spreading_maxsave,0.15043829998467118,3,50,0.25,18
heuristic_maxsave,0.0639942999696359,3,50,0.25,18
spreading_maxsave,0.159792699967511,5,50,0.25,20
heuristic_maxsave,0.054925500066019595,5,50,0.25,22
spreading_maxsave,0.19651170005090535,7,50,0.25,22
heuristic_maxsave,0.05317510000895709,7,50,0.25,22
spreading_maxsave,0.2833965999307111,10,50,0.25,22
heuristic_maxsave,0.05347229994367808,10,50,0.25,22
spreading_maxsave,0.09748999995645136,1,50,0.25,12
heuristic_maxsave,0.04263579996768385,1,50,0.25,10
spreading_maxsave,0.11144160002004355,2,50,0.25,18
heuristic_maxsave,0.05175540002528578,2,50,0.25,15
spreading_maxsave,0.12929549999535084,3,50,0.25,19
heuristic_maxsave,0.0498529999749735,3,50,0.25,19
spreading_maxsave,0.3117895999457687,5,50,0.25,21
heuristic_maxsave,0.08399329998064786,5,50,0.25,23
spreading_maxsave,0.2661738999886438,7,50,0.25,23
heuristic_maxsave,0.04619540006387979,7,50,0.25,24
spreading_maxsave,0.3129799000453204,10,50,0.25,24
heuristic_maxsave,0.038345899898558855,10,50,0.25,24
spreading_maxsave,0.08359539997763932,1,50,0.25,7
heuristic_maxsave,0.04757729999255389,1,50,0.25,8
spreading_maxsave,0.21279290004167706,2,50,0.25,9
heuristic_maxsave,0.048122000065632164,2,50,0.25,9
spreading_maxsave,0.11692460009362549,3,50,0.25,10
heuristic_maxsave,0.05499559990130365,3,50,0.25,10
spreading_maxsave,0.1766259999712929,5,50,0.25,10
heuristic_maxsave,0.052368100034072995,5,50,0.25,10
spreading_maxsave,0.35715799999888986,7,50,0.25,10
heuristic_maxsave,0.05124110006727278,7,50,0.25,10
spreading_maxsave,0.38611210009548813,10,50,0.25,10
heuristic_maxsave,0.036354900104925036,10,50,0.25,10
spreading_maxsave,0.10124350001569837,1,50,0.25,7
heuristic_maxsave,0.04838890000246465,1,50,0.25,6
spreading_maxsave,0.1108963000588119,2,50,0.25,8
heuristic_maxsave,0.046839000075124204,2,50,0.25,8
spreading_maxsave,0.24024509999435395,3,50,0.25,9
heuristic_maxsave,0.07807169994339347,3,50,0.25,9
spreading_maxsave,0.24342479999177158,5,50,0.25,9
heuristic_maxsave,0.0869542999425903,5,50,0.25,9
spreading_maxsave,0.29306329996325076,7,50,0.25,9
heuristic_maxsave,0.060227899928577244,7,50,0.25,9
spreading_maxsave,0.2587705999612808,10,50,0.25,9
heuristic_maxsave,0.035486700013279915,10,50,0.25,9
spreading_maxsave,0.07911449996754527,1,50,0.25,6
heuristic_maxsave,0.044283200055360794,1,50,0.25,4
spreading_maxsave,0.14795420004520565,2,50,0.25,6
heuristic_maxsave,0.054104499984532595,2,50,0.25,6
spreading_maxsave,0.12074749998282641,3,50,0.25,6
heuristic_maxsave,0.04983400006312877,3,50,0.25,6
spreading_maxsave,0.18067289993632585,5,50,0.25,6
heuristic_maxsave,0.05172580003272742,5,50,0.25,6
spreading_maxsave,0.317149999900721,7,50,0.25,6
heuristic_maxsave,0.050997599959373474,7,50,0.25,6
spreading_maxsave,0.24323849997017533,10,50,0.25,6
heuristic_maxsave,0.035830099950544536,10,50,0.25,6
spreading_maxsave,0.06466620007995516,1,50,0.5,5
heuristic_maxsave,0.04206989996600896,1,50,0.5,5
spreading_maxsave,0.11178399994969368,2,50,0.5,6
heuristic_maxsave,0.05674090003594756,2,50,0.5,6
spreading_maxsave,0.11833129997830838,3,50,0.5,7
heuristic_maxsave,0.06385250005405396,3,50,0.5,7
spreading_maxsave,0.2578336000442505,5,50,0.5,9
heuristic_maxsave,0.07476600003428757,5,50,0.5,9
spreading_maxsave,0.2695337999612093,7,50,0.5,10
heuristic_maxsave,0.0986241000937298,7,50,0.5,10
spreading_maxsave,0.25761219998821616,10,50,0.5,10
heuristic_maxsave,0.12011139991227537,10,50,0.5,10
spreading_maxsave,0.06757199997082353,1,50,0.5,3
heuristic_maxsave,0.052003599936142564,1,50,0.5,3
spreading_maxsave,0.09984850010368973,2,50,0.5,3
heuristic_maxsave,0.05419559997972101,2,50,0.5,3
spreading_maxsave,0.1150476000038907,3,50,0.5,3
heuristic_maxsave,0.049884899985045195,3,50,0.5,3
spreading_maxsave,0.25472279998939484,5,50,0.5,3
heuristic_maxsave,0.06674739997833967,5,50,0.5,3
spreading_maxsave,0.17165540007408708,7,50,0.5,3
heuristic_maxsave,0.08124980004504323,7,50,0.5,3
spreading_maxsave,0.24455499998293817,10,50,0.5,3
heuristic_maxsave,0.10592280002310872,10,50,0.5,3
spreading_maxsave,0.07610369997564703,1,50,0.5,10
heuristic_maxsave,0.04026150004938245,1,50,0.5,9
spreading_maxsave,0.10026009997818619,2,50,0.5,11
heuristic_maxsave,0.04801140003837645,2,50,0.5,12
spreading_maxsave,0.10282889998052269,3,50,0.5,12
heuristic_maxsave,0.05756009998731315,3,50,0.5,13
spreading_maxsave,0.15295120002701879,5,50,0.5,14
heuristic_maxsave,0.08434010006021708,5,50,0.5,15
spreading_maxsave,0.1690201999153942,7,50,0.5,16
heuristic_maxsave,0.08246740000322461,7,50,0.5,17
spreading_maxsave,0.20795599999837577,10,50,0.5,19
heuristic_maxsave,0.10744099994190037,10,50,0.5,20
spreading_maxsave,0.06521529995370656,1,50,0.5,13
heuristic_maxsave,0.038333000033162534,1,50,0.5,13
spreading_maxsave,0.19234439998399466,2,50,0.5,15
heuristic_maxsave,0.049219700042158365,2,50,0.5,15
spreading_maxsave,0.10085970000363886,3,50,0.5,16
heuristic_maxsave,0.05723839998245239,3,50,0.5,16
spreading_maxsave,0.1306041000643745,5,50,0.5,18
heuristic_maxsave,0.06480279995594174,5,50,0.5,18
spreading_maxsave,0.1993231000378728,7,50,0.5,20
heuristic_maxsave,0.09370430000126362,7,50,0.5,20
spreading_maxsave,0.22205450001638383,10,50,0.5,23
heuristic_maxsave,0.10325799998827279,10,50,0.5,23
spreading_maxsave,0.06327929999679327,1,50,0.5,11
heuristic_maxsave,0.03865759994369,1,50,0.5,11
spreading_maxsave,0.19659529998898506,2,50,0.5,12
heuristic_maxsave,0.07411629997659475,2,50,0.5,12
spreading_maxsave,0.11971090000588447,3,50,0.5,13
heuristic_maxsave,0.059152300003916025,3,50,0.5,13
spreading_maxsave,0.1375363999977708,5,50,0.5,15
heuristic_maxsave,0.07617250003386289,5,50,0.5,15
spreading_maxsave,0.17162959999404848,7,50,0.5,17
heuristic_maxsave,0.08028350002132356,7,50,0.5,17
spreading_maxsave,0.24041770002804697,10,50,0.5,17
heuristic_maxsave,0.11869829997885972,10,50,0.5,17
spreading_maxsave,0.06997800001408905,1,50,0.5,12
heuristic_maxsave,0.1485431999899447,1,50,0.5,10
spreading_maxsave,0.11889429995790124,2,50,0.5,16
heuristic_maxsave,0.058283899910748005,2,50,0.5,16
spreading_maxsave,0.10623709997162223,3,50,0.5,17
heuristic_maxsave,0.054719299892894924,3,50,0.5,17
spreading_maxsave,0.14129810000304133,5,50,0.5,19
heuristic_maxsave,0.06724420003592968,5,50,0.5,19
spreading_maxsave,0.1836963000241667,7,50,0.5,21
heuristic_maxsave,0.0821031000232324,7,50,0.5,21
spreading_maxsave,0.3304358000168577,10,50,0.5,24
heuristic_maxsave,0.1048407000489533,10,50,0.5,24
spreading_maxsave,0.062761600012891,1,50,0.5,2
heuristic_maxsave,0.04613260005135089,1,50,0.5,3
spreading_maxsave,0.07762460003141314,2,50,0.5,3
heuristic_maxsave,0.04827090003527701,2,50,0.5,3
spreading_maxsave,0.1014386999886483,3,50,0.5,3
heuristic_maxsave,0.049569300026632845,3,50,0.5,3
spreading_maxsave,0.13221960002556443,5,50,0.5,3
heuristic_maxsave,0.06325969996396452,5,50,0.5,3
spreading_maxsave,0.18861529999412596,7,50,0.5,3
heuristic_maxsave,0.09877000004053116,7,50,0.5,3
spreading_maxsave,0.3335721999173984,10,50,0.5,3
heuristic_maxsave,0.11838410003110766,10,50,0.5,3
spreading_maxsave,0.05730129999574274,1,50,0.5,2
heuristic_maxsave,0.03535140003077686,1,50,0.5,2
spreading_maxsave,0.07780540001112968,2,50,0.5,3
heuristic_maxsave,0.04432830004952848,2,50,0.5,3
spreading_maxsave,0.09453929995652288,3,50,0.5,3
heuristic_maxsave,0.051984300022013485,3,50,0.5,3
spreading_maxsave,0.13171169999986887,5,50,0.5,3
heuristic_maxsave,0.06419159995857626,5,50,0.5,3
spreading_maxsave,0.17145309993065894,7,50,0.5,3
heuristic_maxsave,0.08265760005451739,7,50,0.5,3
spreading_maxsave,0.20194039994385093,10,50,0.5,3
heuristic_maxsave,0.11860380007419735,10,50,0.5,3
spreading_maxsave,0.06598189997021109,1,50,0.5,6
heuristic_maxsave,0.040826500044204295,1,50,0.5,6
spreading_maxsave,0.08207980007864535,2,50,0.5,7
heuristic_maxsave,0.046161500038579106,2,50,0.5,8
spreading_maxsave,0.11192960001062602,3,50,0.5,8
heuristic_maxsave,0.07371200004126877,3,50,0.5,9
spreading_maxsave,0.15199399995617568,5,50,0.5,10
heuristic_maxsave,0.06516540003940463,5,50,0.5,10
spreading_maxsave,0.18722690001595765,7,50,0.5,10
heuristic_maxsave,0.08121859992388636,7,50,0.5,10
spreading_maxsave,0.21014910005033016,10,50,0.5,10
heuristic_maxsave,0.09858659992460161,10,50,0.5,10
spreading_maxsave,0.0653680000687018,1,50,0.5,12
heuristic_maxsave,0.13674760004505515,1,50,0.5,11
spreading_maxsave,0.08782399992924184,2,50,0.5,15
heuristic_maxsave,0.04897760006133467,2,50,0.5,15
spreading_maxsave,0.09769130009226501,3,50,0.5,16
heuristic_maxsave,0.05284139991272241,3,50,0.5,16
spreading_maxsave,0.1310759000480175,5,50,0.5,18
heuristic_maxsave,0.06983190006576478,5,50,0.5,18
spreading_maxsave,0.1682382000144571,7,50,0.5,20
heuristic_maxsave,0.07720010005868971,7,50,0.5,20
spreading_maxsave,0.24024750001262873,10,50,0.5,23
heuristic_maxsave,0.12916689994744956,10,50,0.5,23
spreading_maxsave,0.05518509994726628,1,50,0.8,6
heuristic_maxsave,0.043722900096327066,1,50,0.8,6
spreading_maxsave,0.07324960001278669,2,50,0.8,7
heuristic_maxsave,0.05806449998635799,2,50,0.8,7
spreading_maxsave,0.08674509997945279,3,50,0.8,8
heuristic_maxsave,0.17753839993383735,3,50,0.8,8
spreading_maxsave,0.11687530006747693,5,50,0.8,10
heuristic_maxsave,0.11919490003492683,5,50,0.8,10
spreading_maxsave,0.17817650001961738,7,50,0.8,12
heuristic_maxsave,0.1428634999319911,7,50,0.8,12
spreading_maxsave,0.21175599994603544,10,50,0.8,15
heuristic_maxsave,0.18753610004205257,10,50,0.8,15
spreading_maxsave,0.05639010004233569,1,50,0.8,4
heuristic_maxsave,0.0390433999709785,1,50,0.8,4
spreading_maxsave,0.07036190002691001,2,50,0.8,5
heuristic_maxsave,0.11817479995079339,2,50,0.8,5
spreading_maxsave,0.1062734000151977,3,50,0.8,6
heuristic_maxsave,0.08409829996526241,3,50,0.8,6
spreading_maxsave,0.13665530004072934,5,50,0.8,8
heuristic_maxsave,0.11389879998750985,5,50,0.8,8
spreading_maxsave,0.15380159998312593,7,50,0.8,8
heuristic_maxsave,0.15436220006085932,7,50,0.8,8
spreading_maxsave,0.22939680004492402,10,50,0.8,8
heuristic_maxsave,0.29379400005564094,10,50,0.8,8
spreading_maxsave,0.05584149993956089,1,50,0.8,1
heuristic_maxsave,0.04291760001797229,1,50,0.8,1
spreading_maxsave,0.06911639997269958,2,50,0.8,2
heuristic_maxsave,0.059307900024577975,2,50,0.8,2
spreading_maxsave,0.09435520006809384,3,50,0.8,2
heuristic_maxsave,0.08227520005311817,3,50,0.8,2
spreading_maxsave,0.13735830003861338,5,50,0.8,2
heuristic_maxsave,0.10804359999019653,5,50,0.8,2
spreading_maxsave,0.1773350000148639,7,50,0.8,2
heuristic_maxsave,0.26833480002824217,7,50,0.8,2
spreading_maxsave,0.21274310001172125,10,50,0.8,2
heuristic_maxsave,0.20771540002897382,10,50,0.8,2
spreading_maxsave,0.06111559993587434,1,50,0.8,4
heuristic_maxsave,0.03969420003704727,1,50,0.8,4
spreading_maxsave,0.07053899997845292,2,50,0.8,5
heuristic_maxsave,0.06466999999247491,2,50,0.8,5
spreading_maxsave,0.09152720007114112,3,50,0.8,6
heuristic_maxsave,0.07870509999338537,3,50,0.8,6
spreading_maxsave,0.23530469997785985,5,50,0.8,8
heuristic_maxsave,0.11128069995902479,5,50,0.8,8
spreading_maxsave,0.17017820000182837,7,50,0.8,10
heuristic_maxsave,0.16262030007783324,7,50,0.8,10
spreading_maxsave,0.2149088999722153,10,50,0.8,12
heuristic_maxsave,0.2193466000026092,10,50,0.8,12
spreading_maxsave,0.06187480001244694,1,50,0.8,1
heuristic_maxsave,0.042521500028669834,1,50,0.8,1
spreading_maxsave,0.07513999997172505,2,50,0.8,2
heuristic_maxsave,0.06076609995216131,2,50,0.8,2
spreading_maxsave,0.10723980003967881,3,50,0.8,3
heuristic_maxsave,0.08072410000022501,3,50,0.8,3
spreading_maxsave,0.1176153999986127,5,50,0.8,4
heuristic_maxsave,0.10543600004166365,5,50,0.8,4
spreading_maxsave,0.16721760004293174,7,50,0.8,4
heuristic_maxsave,0.15795210003852844,7,50,0.8,4
spreading_maxsave,0.24782629997935146,10,50,0.8,4
heuristic_maxsave,0.29470149998087436,10,50,0.8,4
spreading_maxsave,0.05215779994614422,1,50,0.8,3
heuristic_maxsave,0.044011699967086315,1,50,0.8,3
spreading_maxsave,0.08448960003443062,2,50,0.8,4
heuristic_maxsave,0.06262250000145286,2,50,0.8,4
spreading_maxsave,0.10997570003382862,3,50,0.8,5
heuristic_maxsave,0.09054430003743619,3,50,0.8,5
spreading_maxsave,0.13805169996339828,5,50,0.8,5
heuristic_maxsave,0.10835600004065782,5,50,0.8,5
spreading_maxsave,0.16049129993189126,7,50,0.8,5
heuristic_maxsave,0.24896280001848936,7,50,0.8,5
spreading_maxsave,0.20581690000835806,10,50,0.8,5
heuristic_maxsave,0.2861377999652177,10,50,0.8,5
spreading_maxsave,0.09320530004333705,1,50,0.8,3
heuristic_maxsave,0.04675780003890395,1,50,0.8,3
spreading_maxsave,0.07748079998418689,2,50,0.8,4
heuristic_maxsave,0.06287460005842149,2,50,0.8,4
spreading_maxsave,0.09550199995283037,3,50,0.8,5
heuristic_maxsave,0.07569540000986308,3,50,0.8,5
spreading_maxsave,0.33846000011544675,5,50,0.8,7
heuristic_maxsave,0.15174629993271083,5,50,0.8,7
spreading_maxsave,0.18019900005310774,7,50,0.8,9
heuristic_maxsave,0.16474849998485297,7,50,0.8,9
spreading_maxsave,0.21686670009512454,10,50,0.8,12
heuristic_maxsave,0.1957001999253407,10,50,0.8,12
spreading_maxsave,0.054196499986574054,1,50,0.8,5
heuristic_maxsave,0.040249999961815774,1,50,0.8,5
spreading_maxsave,0.0838584000011906,2,50,0.8,6
heuristic_maxsave,0.059179099975153804,2,50,0.8,6
spreading_maxsave,0.08634219993837178,3,50,0.8,7
heuristic_maxsave,0.07997989992145449,3,50,0.8,7
spreading_maxsave,0.12844609993044287,5,50,0.8,9
heuristic_maxsave,0.10851970000658184,5,50,0.8,9
spreading_maxsave,0.27885759994387627,7,50,0.8,11
heuristic_maxsave,0.14720959996338934,7,50,0.8,11
spreading_maxsave,0.26033550000283867,10,50,0.8,12
heuristic_maxsave,0.18609769991599023,10,50,0.8,12
spreading_maxsave,0.05064849997870624,1,50,0.8,2
heuristic_maxsave,0.036326800007373095,1,50,0.8,2
spreading_maxsave,0.06278120004571974,2,50,0.8,3
heuristic_maxsave,0.05336770007852465,2,50,0.8,3
spreading_maxsave,0.08225560002028942,3,50,0.8,4
heuristic_maxsave,0.07037700002547354,3,50,0.8,4
spreading_maxsave,0.2204327000072226,5,50,0.8,6
heuristic_maxsave,0.09379790001548827,5,50,0.8,6
spreading_maxsave,0.14090020000003278,7,50,0.8,8
heuristic_maxsave,0.12976670009084046,7,50,0.8,8
spreading_maxsave,0.22793180006556213,10,50,0.8,11
heuristic_maxsave,0.17063049995340407,10,50,0.8,11
spreading_maxsave,0.046564699965529144,1,50,0.8,2
heuristic_maxsave,0.038552300073206425,1,50,0.8,2
spreading_maxsave,0.06163670006208122,2,50,0.8,3
heuristic_maxsave,0.0585103000048548,2,50,0.8,3
spreading_maxsave,0.13978720002342016,3,50,0.8,4
heuristic_maxsave,0.09137789998203516,3,50,0.8,4
spreading_maxsave,0.12267059995792806,5,50,0.8,5
heuristic_maxsave,0.10997430002316833,5,50,0.8,5
spreading_maxsave,0.18045709992293268,7,50,0.8,5
heuristic_maxsave,0.1549038999946788,7,50,0.8,5
spreading_maxsave,0.2067585000768304,10,50,0.8,5
heuristic_maxsave,0.28591790003702044,10,50,0.8,5
spreading_maxsave,0.15795010002329946,1,100,0.1,11
heuristic_maxsave,0.067420499981381,1,100,0.1,10
spreading_maxsave,0.21244960010517389,2,100,0.1,16
heuristic_maxsave,0.08841590001247823,2,100,0.1,14
spreading_maxsave,0.27137600001879036,3,100,0.1,20
heuristic_maxsave,0.12847499991767108,3,100,0.1,17
spreading_maxsave,0.481854600016959,5,100,0.1,25
heuristic_maxsave,0.13171779992990196,5,100,0.1,24
spreading_maxsave,0.42127910000272095,7,100,0.1,26
heuristic_maxsave,0.15240759996231645,7,100,0.1,28
spreading_maxsave,0.629255099920556,10,100,0.1,29
heuristic_maxsave,0.11134259996470064,10,100,0.1,31
spreading_maxsave,0.17915830004494637,1,100,0.1,6
heuristic_maxsave,0.07736859994474798,1,100,0.1,7
spreading_maxsave,0.24049899994861335,2,100,0.1,10
heuristic_maxsave,0.09261739999055862,2,100,0.1,9
spreading_maxsave,0.35724879999179393,3,100,0.1,13
heuristic_maxsave,0.11875799996778369,3,100,0.1,12
spreading_maxsave,0.33916749991476536,5,100,0.1,14
heuristic_maxsave,0.1226301999995485,5,100,0.1,16
spreading_maxsave,0.46026110008824617,7,100,0.1,15
heuristic_maxsave,0.11562920000869781,7,100,0.1,16
spreading_maxsave,0.7262860999908298,10,100,0.1,16
heuristic_maxsave,0.08712639997247607,10,100,0.1,16
spreading_maxsave,0.1636094000423327,1,100,0.1,12
heuristic_maxsave,0.07432469993364066,1,100,0.1,10
spreading_maxsave,0.22008270001970232,2,100,0.1,19
heuristic_maxsave,0.10147820005659014,2,100,0.1,17
spreading_maxsave,0.27025509998202324,3,100,0.1,24
heuristic_maxsave,0.11007679998874664,3,100,0.1,22
spreading_maxsave,0.47797539993189275,5,100,0.1,32
heuristic_maxsave,0.16144279995933175,5,100,0.1,31
spreading_maxsave,0.4240836000535637,7,100,0.1,32
heuristic_maxsave,0.1300150000024587,7,100,0.1,36
spreading_maxsave,0.5331054999260232,10,100,0.1,35
heuristic_maxsave,0.07914750010240823,10,100,0.1,36
spreading_maxsave,0.26542449998669326,1,100,0.1,13
heuristic_maxsave,0.08586709992960095,1,100,0.1,13
spreading_maxsave,0.21771619992796332,2,100,0.1,19
heuristic_maxsave,0.09759950009174645,2,100,0.1,19
spreading_maxsave,0.31350100005511194,3,100,0.1,24
heuristic_maxsave,0.12360719998832792,3,100,0.1,23
spreading_maxsave,0.4248845000984147,5,100,0.1,27
heuristic_maxsave,0.1408341999631375,5,100,0.1,28
spreading_maxsave,0.45318630000110716,7,100,0.1,28
heuristic_maxsave,0.13294379995204508,7,100,0.1,30
spreading_maxsave,0.6533610000042245,10,100,0.1,30
heuristic_maxsave,0.11996209993958473,10,100,0.1,30
spreading_maxsave,0.17172059998847544,1,100,0.1,10
heuristic_maxsave,0.08554359991103411,1,100,0.1,6
spreading_maxsave,0.21527129993773997,2,100,0.1,15
heuristic_maxsave,0.10279760009143502,2,100,0.1,11
spreading_maxsave,0.24843430006876588,3,100,0.1,19
heuristic_maxsave,0.20246080006472766,3,100,0.1,15
spreading_maxsave,0.36768359993584454,5,100,0.1,19
heuristic_maxsave,0.12082529999315739,5,100,0.1,20
spreading_maxsave,0.45272339996881783,7,100,0.1,20
heuristic_maxsave,0.18225940002594143,7,100,0.1,20
spreading_maxsave,0.5654252999229357,10,100,0.1,20
heuristic_maxsave,0.09034860006067902,10,100,0.1,20
spreading_maxsave,0.16183180001098663,1,100,0.1,12
heuristic_maxsave,0.07617399992886931,1,100,0.1,10
spreading_maxsave,0.2214328000554815,2,100,0.1,17
heuristic_maxsave,0.1938686000648886,2,100,0.1,15
spreading_maxsave,0.3932655999669805,3,100,0.1,21
heuristic_maxsave,0.11398420005571097,3,100,0.1,20
spreading_maxsave,0.41886069998145103,5,100,0.1,23
heuristic_maxsave,0.12264259997755289,5,100,0.1,24
spreading_maxsave,0.41136739996727556,7,100,0.1,24
heuristic_maxsave,0.15057910000905395,7,100,0.1,24
spreading_maxsave,0.6715841999975964,10,100,0.1,24
heuristic_maxsave,0.0918024000711739,10,100,0.1,24
spreading_maxsave,0.1508394000120461,1,100,0.1,15
heuristic_maxsave,0.0743698999285698,1,100,0.1,8
spreading_maxsave,0.2368118999293074,2,100,0.1,20
heuristic_maxsave,0.10429370007477701,2,100,0.1,17
spreading_maxsave,0.2693068999797106,3,100,0.1,24
heuristic_maxsave,0.13029170001391321,3,100,0.1,21
spreading_maxsave,0.5481307000154629,5,100,0.1,26
heuristic_maxsave,0.1392348000081256,5,100,0.1,28
spreading_maxsave,0.42088559991680086,7,100,0.1,27
heuristic_maxsave,0.13161729997955263,7,100,0.1,29
spreading_maxsave,0.5659135000314564,10,100,0.1,29
heuristic_maxsave,0.10372199991252273,10,100,0.1,29
spreading_maxsave,0.27451919997110963,1,100,0.1,4
heuristic_maxsave,0.06589670001994818,1,100,0.1,3
spreading_maxsave,0.21804579999297857,2,100,0.1,4
heuristic_maxsave,0.09390179999172688,2,100,0.1,4
spreading_maxsave,0.2661376000614837,3,100,0.1,4
heuristic_maxsave,0.10113990004174411,3,100,0.1,4
spreading_maxsave,0.358386000036262,5,100,0.1,4
heuristic_maxsave,0.24248420004732907,5,100,0.1,4
spreading_maxsave,0.4868371000047773,7,100,0.1,4
heuristic_maxsave,0.1172604999737814,7,100,0.1,4
spreading_maxsave,0.6750369999790564,10,100,0.1,4
heuristic_maxsave,0.10349160002078861,10,100,0.1,4
spreading_maxsave,0.17671909998171031,1,100,0.1,16
heuristic_maxsave,0.08328530006110668,1,100,0.1,16
spreading_maxsave,0.23417200008407235,2,100,0.1,24
heuristic_maxsave,0.10332859994377941,2,100,0.1,19
spreading_maxsave,0.4670760999433696,3,100,0.1,29
heuristic_maxsave,0.10926840000320226,3,100,0.1,22
spreading_maxsave,0.35758359997998923,5,100,0.1,32
heuristic_maxsave,0.12877650000154972,5,100,0.1,29
spreading_maxsave,0.45502550003584474,7,100,0.1,34
heuristic_maxsave,0.14557769999373704,7,100,0.1,35
spreading_maxsave,0.5190319999819621,10,100,0.1,35
heuristic_maxsave,0.09281689999625087,10,100,0.1,35
spreading_maxsave,0.18655830004718155,1,100,0.1,6
heuristic_maxsave,0.07302140002138913,1,100,0.1,5
spreading_maxsave,0.21954770002048463,2,100,0.1,10
heuristic_maxsave,0.10123129992280155,2,100,0.1,8
spreading_maxsave,0.3549023000523448,3,100,0.1,13
heuristic_maxsave,0.10817210003733635,3,100,0.1,13
spreading_maxsave,0.38427839998621494,5,100,0.1,14
heuristic_maxsave,0.1169317999156192,5,100,0.1,14
spreading_maxsave,0.4204963999800384,7,100,0.1,14
heuristic_maxsave,0.12729409988969564,7,100,0.1,14
spreading_maxsave,0.6593394998926669,10,100,0.1,14
heuristic_maxsave,0.08416339999530464,10,100,0.1,14
spreading_maxsave,0.14713880000635982,1,100,0.25,9
heuristic_maxsave,0.07143989996984601,1,100,0.25,5
spreading_maxsave,0.20376930001657456,2,100,0.25,16
heuristic_maxsave,0.20754800003487617,2,100,0.25,10
spreading_maxsave,0.2264905000338331,3,100,0.25,19
heuristic_maxsave,0.1279973000055179,3,100,0.25,14
spreading_maxsave,0.29605080001056194,5,100,0.25,21
heuristic_maxsave,0.24863309995271266,5,100,0.25,22
spreading_maxsave,0.3597187000559643,7,100,0.25,22
heuristic_maxsave,0.13612769998144358,7,100,0.25,22
spreading_maxsave,0.452921099960804,10,100,0.25,22
heuristic_maxsave,0.15499460010323673,10,100,0.25,22
spreading_maxsave,0.13324420002754778,1,100,0.25,3
heuristic_maxsave,0.07316810009069741,1,100,0.25,3
spreading_maxsave,0.23652959999162704,2,100,0.25,3
heuristic_maxsave,0.13644549995660782,2,100,0.25,4
spreading_maxsave,0.3844214000273496,3,100,0.25,4
heuristic_maxsave,0.13146669999696314,3,100,0.25,4
spreading_maxsave,0.3133643999462947,5,100,0.25,4
heuristic_maxsave,0.12301650003064424,5,100,0.25,4
spreading_maxsave,0.36131050006952137,7,100,0.25,4
heuristic_maxsave,0.13352949998807162,7,100,0.25,4
spreading_maxsave,0.5731140000279993,10,100,0.25,4
heuristic_maxsave,0.14760360005311668,10,100,0.25,4
spreading_maxsave,0.14152319997083396,1,100,0.25,18
heuristic_maxsave,0.07952919998206198,1,100,0.25,16
spreading_maxsave,0.23326810006983578,2,100,0.25,29
heuristic_maxsave,0.0920497999759391,2,100,0.25,27
spreading_maxsave,0.22340999997686595,3,100,0.25,33
heuristic_maxsave,0.1061477999901399,3,100,0.25,31
spreading_maxsave,0.41132409998681396,5,100,0.25,34
heuristic_maxsave,0.1336072999984026,5,100,0.25,38
spreading_maxsave,0.36253359995316714,7,100,0.25,36
heuristic_maxsave,0.14805610000621527,7,100,0.25,40
spreading_maxsave,0.4632535999407992,10,100,0.25,39
heuristic_maxsave,0.17205709998961538,10,100,0.25,43
spreading_maxsave,0.23805649997666478,1,100,0.25,14
heuristic_maxsave,0.07547639997210354,1,100,0.25,13
spreading_maxsave,0.1987151000648737,2,100,0.25,23
heuristic_maxsave,0.0888494000537321,2,100,0.25,20
spreading_maxsave,0.2223921000258997,3,100,0.25,28
heuristic_maxsave,0.107178800040856,3,100,0.25,25
spreading_maxsave,0.2898393999785185,5,100,0.25,30
heuristic_maxsave,0.1321987999835983,5,100,0.25,33
spreading_maxsave,0.4880959000438452,7,100,0.25,32
heuristic_maxsave,0.1842546999687329,7,100,0.25,35
spreading_maxsave,0.49300339992623776,10,100,0.25,35
heuristic_maxsave,0.24709630000870675,10,100,0.25,37
spreading_maxsave,0.14105460001155734,1,100,0.25,14
heuristic_maxsave,0.07592049997765571,1,100,0.25,12
spreading_maxsave,0.1892628000350669,2,100,0.25,23
heuristic_maxsave,0.10771919996477664,2,100,0.25,20
spreading_maxsave,0.23215390008408576,3,100,0.25,30
heuristic_maxsave,0.1208864999935031,3,100,0.25,27
spreading_maxsave,0.4312486000126228,5,100,0.25,32
heuristic_maxsave,0.15652349998708814,5,100,0.25,35
spreading_maxsave,0.37631630001123995,7,100,0.25,34
heuristic_maxsave,0.15649050008505583,7,100,0.25,37
spreading_maxsave,0.46919199998956174,10,100,0.25,37
heuristic_maxsave,0.15006909996736795,10,100,0.25,38
spreading_maxsave,0.24297859997022897,1,100,0.25,7
heuristic_maxsave,0.0773383000632748,1,100,0.25,6
spreading_maxsave,0.18174109992105514,2,100,0.25,12
heuristic_maxsave,0.11144040001090616,2,100,0.25,11
spreading_maxsave,0.2830753999296576,3,100,0.25,13
heuristic_maxsave,0.1254340000450611,3,100,0.25,15
spreading_maxsave,0.3855023999931291,5,100,0.25,15
heuristic_maxsave,0.15885950007941574,5,100,0.25,17
spreading_maxsave,0.3583558000391349,7,100,0.25,17
heuristic_maxsave,0.14616260002367198,7,100,0.25,19
spreading_maxsave,0.5777560999849811,10,100,0.25,20
heuristic_maxsave,0.16336939996108413,10,100,0.25,20
spreading_maxsave,0.16342919995076954,1,100,0.25,6
heuristic_maxsave,0.0735480000730604,1,100,0.25,6
spreading_maxsave,0.19499340001493692,2,100,0.25,12
heuristic_maxsave,0.10248020000290126,2,100,0.25,11
spreading_maxsave,0.2738995000254363,3,100,0.25,14
heuristic_maxsave,0.22500840004067868,3,100,0.25,15
spreading_maxsave,0.3172151999315247,5,100,0.25,16
heuristic_maxsave,0.1414365000091493,5,100,0.25,17
spreading_maxsave,0.5728247000370175,7,100,0.25,17
heuristic_maxsave,0.2952461999375373,7,100,0.25,17
spreading_maxsave,0.48888780002016574,10,100,0.25,17
heuristic_maxsave,0.15760180004872382,10,100,0.25,17
spreading_maxsave,0.15262970002368093,1,100,0.25,5
heuristic_maxsave,0.09231420001015067,1,100,0.25,4
spreading_maxsave,0.22531939996406436,2,100,0.25,6
heuristic_maxsave,0.11777839995920658,2,100,0.25,6
spreading_maxsave,0.24169910000637174,3,100,0.25,7
heuristic_maxsave,0.13860349997412413,3,100,0.25,9
spreading_maxsave,0.2911367000779137,5,100,0.25,9
heuristic_maxsave,0.165097999968566,5,100,0.25,10
spreading_maxsave,0.4552727999398485,7,100,0.25,10
heuristic_maxsave,0.17312689998652786,7,100,0.25,10
spreading_maxsave,0.48258709989022464,10,100,0.25,10
heuristic_maxsave,0.14516219997312874,10,100,0.25,10
spreading_maxsave,0.14371219999156892,1,100,0.25,5
heuristic_maxsave,0.08217910001985729,1,100,0.25,5
spreading_maxsave,0.321030699997209,2,100,0.25,7
heuristic_maxsave,0.10710719996131957,2,100,0.25,9
spreading_maxsave,0.26130629994440824,3,100,0.25,8
heuristic_maxsave,0.12072450004052371,3,100,0.25,10
spreading_maxsave,0.3244391999905929,5,100,0.25,10
heuristic_maxsave,0.13728129991795868,5,100,0.25,10
spreading_maxsave,0.3880600000265986,7,100,0.25,10
heuristic_maxsave,0.14687070006038994,7,100,0.25,10
spreading_maxsave,0.53017829998862,10,100,0.25,10
heuristic_maxsave,0.14068420010153204,10,100,0.25,10
spreading_maxsave,0.16170179995242506,1,100,0.25,8
heuristic_maxsave,0.09012739988975227,1,100,0.25,6
spreading_maxsave,0.1826000000583008,2,100,0.25,13
heuristic_maxsave,0.1036212999606505,2,100,0.25,10
spreading_maxsave,0.265245100017637,3,100,0.25,13
heuristic_maxsave,0.11889490007888526,3,100,0.25,14
spreading_maxsave,0.4106167000718415,5,100,0.25,15
heuristic_maxsave,0.16150009992998093,5,100,0.25,15
spreading_maxsave,0.388479599962011,7,100,0.25,15
heuristic_maxsave,0.15830589993856847,7,100,0.25,15
spreading_maxsave,0.6948850000044331,10,100,0.25,15
heuristic_maxsave,0.15892870002426207,10,100,0.25,15
spreading_maxsave,0.15025229996535927,1,100,0.5,11
heuristic_maxsave,0.10494069999549538,1,100,0.5,11
spreading_maxsave,0.31109549989923835,2,100,0.5,14
heuristic_maxsave,0.10704270005226135,2,100,0.5,15
spreading_maxsave,0.20294370001647621,3,100,0.5,15
heuristic_maxsave,0.14376490004360676,3,100,0.5,16
spreading_maxsave,0.3197160999989137,5,100,0.5,17
heuristic_maxsave,0.22396389988716692,5,100,0.5,18
spreading_maxsave,0.5317764999344945,7,100,0.5,19
heuristic_maxsave,0.2669964999658987,7,100,0.5,20
spreading_maxsave,0.48617609997745603,10,100,0.5,22
heuristic_maxsave,0.42112139996606857,10,100,0.5,23
spreading_maxsave,0.14513780002016574,1,100,0.5,19
heuristic_maxsave,0.10763659991789609,1,100,0.5,15
spreading_maxsave,0.22061079996638,2,100,0.5,26
heuristic_maxsave,0.15879070002119988,2,100,0.5,26
spreading_maxsave,0.2487017000094056,3,100,0.5,27
heuristic_maxsave,0.11986789992079139,3,100,0.5,29
spreading_maxsave,0.2721064999932423,5,100,0.5,29
heuristic_maxsave,0.16150030004791915,5,100,0.5,31
spreading_maxsave,0.37329050002153963,7,100,0.5,31
heuristic_maxsave,0.20135430002119392,7,100,0.5,33
spreading_maxsave,0.4902830000501126,10,100,0.5,34
heuristic_maxsave,0.47327519999817014,10,100,0.5,36
spreading_maxsave,0.1609798000426963,1,100,0.5,2
heuristic_maxsave,0.13000270002521574,1,100,0.5,2
spreading_maxsave,0.19101860001683235,2,100,0.5,3
heuristic_maxsave,0.1220445999642834,2,100,0.5,3
spreading_maxsave,0.25741379999089986,3,100,0.5,3
heuristic_maxsave,0.12447579996660352,3,100,0.5,3
spreading_maxsave,0.2859756000107154,5,100,0.5,3
heuristic_maxsave,0.21097120002377778,5,100,0.5,3
spreading_maxsave,0.5081959000090137,7,100,0.5,3
heuristic_maxsave,0.20117100002244115,7,100,0.5,3
spreading_maxsave,0.41783279995433986,10,100,0.5,3
heuristic_maxsave,0.3009634999325499,10,100,0.5,3
spreading_maxsave,0.15862249990459532,1,100,0.5,6
heuristic_maxsave,0.08695400005672127,1,100,0.5,6
spreading_maxsave,0.35390700004063547,2,100,0.5,7
heuristic_maxsave,0.13223180000204593,2,100,0.5,8
spreading_maxsave,0.28792320005595684,3,100,0.5,8
heuristic_maxsave,0.17790769995190203,3,100,0.5,9
spreading_maxsave,0.3955536999274045,5,100,0.5,10
heuristic_maxsave,0.2776284000137821,5,100,0.5,11
spreading_maxsave,0.38083630008623004,7,100,0.5,12
heuristic_maxsave,0.2538626999594271,7,100,0.5,13
spreading_maxsave,0.500715299975127,10,100,0.5,15
heuristic_maxsave,0.2825952999992296,10,100,0.5,16
spreading_maxsave,0.1569305999437347,1,100,0.5,12
heuristic_maxsave,0.08205130009446293,1,100,0.5,12
spreading_maxsave,0.20497139997314662,2,100,0.5,14
heuristic_maxsave,0.12304840004071593,2,100,0.5,14
spreading_maxsave,0.2211822000099346,3,100,0.5,15
heuristic_maxsave,0.2522994000464678,3,100,0.5,15
spreading_maxsave,0.30865539994556457,5,100,0.5,17
heuristic_maxsave,0.16104249993804842,5,100,0.5,17
spreading_maxsave,0.35180240008048713,7,100,0.5,19
heuristic_maxsave,0.3470260000322014,7,100,0.5,19
spreading_maxsave,0.45677589997649193,10,100,0.5,22
heuristic_maxsave,0.2919224000070244,10,100,0.5,22
spreading_maxsave,0.1578682999825105,1,100,0.5,11
heuristic_maxsave,0.08778760000132024,1,100,0.5,10
spreading_maxsave,0.28446690004784614,2,100,0.5,12
heuristic_maxsave,0.10077979997731745,2,100,0.5,13
spreading_maxsave,0.21721049991901964,3,100,0.5,13
heuristic_maxsave,0.12623929989058524,3,100,0.5,14
spreading_maxsave,0.2915477999486029,5,100,0.5,15
heuristic_maxsave,0.21599820000119507,5,100,0.5,16
spreading_maxsave,0.3838573000393808,7,100,0.5,16
heuristic_maxsave,0.22715859999880195,7,100,0.5,16
spreading_maxsave,0.4999834999907762,10,100,0.5,16
heuristic_maxsave,0.39077330008149147,10,100,0.5,16
spreading_maxsave,0.145384700037539,1,100,0.5,8
heuristic_maxsave,0.08118019998073578,1,100,0.5,8
spreading_maxsave,0.20623160002287477,2,100,0.5,9
heuristic_maxsave,0.14423909992910922,2,100,0.5,10
spreading_maxsave,0.22708460001740605,3,100,0.5,10
heuristic_maxsave,0.13944800000172108,3,100,0.5,11
spreading_maxsave,0.26838250004220754,5,100,0.5,12
heuristic_maxsave,0.23984349996317178,5,100,0.5,13
spreading_maxsave,0.3836194999748841,7,100,0.5,14
heuristic_maxsave,0.20578560000285506,7,100,0.5,14
spreading_maxsave,0.5036424999125302,10,100,0.5,14
heuristic_maxsave,0.32675569993443787,10,100,0.5,14
spreading_maxsave,0.16955719992984086,1,100,0.5,16
heuristic_maxsave,0.08655719994567335,1,100,0.5,14
spreading_maxsave,0.21558299998287112,2,100,0.5,20
heuristic_maxsave,0.11598970007617027,2,100,0.5,20
spreading_maxsave,0.2240219000959769,3,100,0.5,21
heuristic_maxsave,0.24122369999531657,3,100,0.5,21
spreading_maxsave,0.3045726000564173,5,100,0.5,23
heuristic_maxsave,0.18409740005154163,5,100,0.5,23
spreading_maxsave,0.4164490000111982,7,100,0.5,25
heuristic_maxsave,0.19277570000849664,7,100,0.5,25
spreading_maxsave,0.5599761999910697,10,100,0.5,28
heuristic_maxsave,0.2966672999318689,10,100,0.5,28
spreading_maxsave,0.145762600004673,1,100,0.5,13
heuristic_maxsave,0.10192100005224347,1,100,0.5,13
spreading_maxsave,0.18504249991383404,2,100,0.5,15
heuristic_maxsave,0.11132860009092838,2,100,0.5,15
spreading_maxsave,0.3475456000305712,3,100,0.5,16
heuristic_maxsave,0.16260809998493642,3,100,0.5,16
spreading_maxsave,0.2640081999124959,5,100,0.5,18
heuristic_maxsave,0.22605360008310527,5,100,0.5,18
spreading_maxsave,0.37699260003864765,7,100,0.5,20
heuristic_maxsave,0.2398051000200212,7,100,0.5,20
spreading_maxsave,0.5043159999186173,10,100,0.5,23
heuristic_maxsave,0.4060057000024244,10,100,0.5,23
spreading_maxsave,0.1358144999248907,1,100,0.5,14
heuristic_maxsave,0.07943170005455613,1,100,0.5,11
spreading_maxsave,0.18650730000808835,2,100,0.5,18
heuristic_maxsave,0.1149532999843359,2,100,0.5,18
spreading_maxsave,0.216596300015226,3,100,0.5,19
heuristic_maxsave,0.14622920006513596,3,100,0.5,20
spreading_maxsave,0.41317309997975826,5,100,0.5,21
heuristic_maxsave,0.20434230007231236,5,100,0.5,22
spreading_maxsave,0.4310292999725789,7,100,0.5,23
heuristic_maxsave,0.2562253999058157,7,100,0.5,24
spreading_maxsave,0.6537804000545293,10,100,0.5,26
heuristic_maxsave,0.2749185999855399,10,100,0.5,27
spreading_maxsave,0.14551530010066926,1,100,0.8,10
heuristic_maxsave,0.1172301999758929,1,100,0.8,9
spreading_maxsave,0.1536943999817595,2,100,0.8,11
heuristic_maxsave,0.21147650002967566,2,100,0.8,11
spreading_maxsave,0.20004119991790503,3,100,0.8,12
heuristic_maxsave,0.2057177999522537,3,100,0.8,12
spreading_maxsave,0.2748739999951795,5,100,0.8,14
heuristic_maxsave,0.27484650001861155,5,100,0.8,14
spreading_maxsave,0.4630257000681013,7,100,0.8,16
heuristic_maxsave,0.31440070003736764,7,100,0.8,16
spreading_maxsave,0.46815690002404153,10,100,0.8,19
heuristic_maxsave,0.5915076000383124,10,100,0.8,19
spreading_maxsave,0.15050230000633746,1,100,0.8,7
heuristic_maxsave,0.10123660007957369,1,100,0.8,6
spreading_maxsave,0.17317179997917265,2,100,0.8,8
heuristic_maxsave,0.12491359992418438,2,100,0.8,8
spreading_maxsave,0.21424020000267774,3,100,0.8,9
heuristic_maxsave,0.16379759996198118,3,100,0.8,9
spreading_maxsave,0.4073958999942988,5,100,0.8,11
heuristic_maxsave,0.23029759991914034,5,100,0.8,11
spreading_maxsave,0.43225660000462085,7,100,0.8,13
heuristic_maxsave,0.27426330000162125,7,100,0.8,13
spreading_maxsave,0.7139264999423176,10,100,0.8,16
heuristic_maxsave,0.4237180999480188,10,100,0.8,16
spreading_maxsave,0.15207419998478144,1,100,0.8,14
heuristic_maxsave,0.11081179999746382,1,100,0.8,13
spreading_maxsave,0.22960259998217225,2,100,0.8,15
heuristic_maxsave,0.16894100001081824,2,100,0.8,15
spreading_maxsave,0.3218675000825897,3,100,0.8,16
heuristic_maxsave,0.1609680000692606,3,100,0.8,16
spreading_maxsave,0.28809829999227077,5,100,0.8,18
heuristic_maxsave,0.25294490007217973,5,100,0.8,18
spreading_maxsave,0.36368680000305176,7,100,0.8,20
heuristic_maxsave,0.3343204000266269,7,100,0.8,20
spreading_maxsave,0.6371973999775946,10,100,0.8,23
heuristic_maxsave,0.44096699997317046,10,100,0.8,23
spreading_maxsave,0.1486621000804007,1,100,0.8,7
heuristic_maxsave,0.09470750007312745,1,100,0.8,7
spreading_maxsave,0.17601139994803816,2,100,0.8,8
heuristic_maxsave,0.25789519993122667,2,100,0.8,8
spreading_maxsave,0.2232834999449551,3,100,0.8,9
heuristic_maxsave,0.16442070004995912,3,100,0.8,9
spreading_maxsave,0.31950660003349185,5,100,0.8,11
heuristic_maxsave,0.2136309000197798,5,100,0.8,11
spreading_maxsave,0.4341447999468073,7,100,0.8,13
heuristic_maxsave,0.29577720002271235,7,100,0.8,13
spreading_maxsave,0.48011120001319796,10,100,0.8,16
heuristic_maxsave,0.4972972000250593,10,100,0.8,16
spreading_maxsave,0.166030399966985,1,100,0.8,5
heuristic_maxsave,0.09543630003463477,1,100,0.8,5
spreading_maxsave,0.20949969999492168,2,100,0.8,6
heuristic_maxsave,0.12213430006522685,2,100,0.8,6
spreading_maxsave,0.20982810005079955,3,100,0.8,7
heuristic_maxsave,0.14868640003260225,3,100,0.8,7
spreading_maxsave,0.31036939995829016,5,100,0.8,9
heuristic_maxsave,0.35074030002579093,5,100,0.8,9
spreading_maxsave,0.3466162000549957,7,100,0.8,11
heuristic_maxsave,0.29087380005512387,7,100,0.8,11
spreading_maxsave,0.5552665999857709,10,100,0.8,14
heuristic_maxsave,0.4257482000393793,10,100,0.8,14
spreading_maxsave,0.1466179999988526,1,100,0.8,5
heuristic_maxsave,0.10028089990373701,1,100,0.8,5
spreading_maxsave,0.17021750006824732,2,100,0.8,6
heuristic_maxsave,0.16062460001558065,2,100,0.8,6
spreading_maxsave,0.35884900006931275,3,100,0.8,7
heuristic_maxsave,0.1951439999975264,3,100,0.8,7
spreading_maxsave,0.28134380001574755,5,100,0.8,9
heuristic_maxsave,0.2516176999779418,5,100,0.8,9
spreading_maxsave,0.3511180999921635,7,100,0.8,11
heuristic_maxsave,0.39089609996881336,7,100,0.8,11
spreading_maxsave,0.42597740003839135,10,100,0.8,14
heuristic_maxsave,0.4252587999217212,10,100,0.8,14
spreading_maxsave,0.13733810000121593,1,100,0.8,11
heuristic_maxsave,0.10853109997697175,1,100,0.8,10
spreading_maxsave,0.22049580002203584,2,100,0.8,12
heuristic_maxsave,0.1337967999279499,2,100,0.8,12
spreading_maxsave,0.2411865999456495,3,100,0.8,13
heuristic_maxsave,0.19622609997168183,3,100,0.8,13
spreading_maxsave,0.3237990998895839,5,100,0.8,15
heuristic_maxsave,0.390045200008899,5,100,0.8,15
spreading_maxsave,0.47299790009856224,7,100,0.8,17
heuristic_maxsave,0.32369980006478727,7,100,0.8,17
spreading_maxsave,0.6937436000443995,10,100,0.8,20
heuristic_maxsave,0.4074051999486983,10,100,0.8,20
spreading_maxsave,0.21010250004474074,1,100,0.8,9
heuristic_maxsave,0.1355721999425441,1,100,0.8,9
spreading_maxsave,0.4183914000168443,2,100,0.8,10
heuristic_maxsave,0.12213030003476888,2,100,0.8,10
spreading_maxsave,0.25403449998702854,3,100,0.8,11
heuristic_maxsave,0.1705978000536561,3,100,0.8,11
spreading_maxsave,0.30271930003073066,5,100,0.8,13
heuristic_maxsave,0.3489986000349745,5,100,0.8,13
spreading_maxsave,0.5503407999640331,7,100,0.8,15
heuristic_maxsave,0.4110394000308588,7,100,0.8,15
spreading_maxsave,0.6140425000339746,10,100,0.8,18
heuristic_maxsave,0.41309019993059337,10,100,0.8,18
spreading_maxsave,0.25712260010186583,1,100,0.8,3
heuristic_maxsave,0.11530060006771237,1,100,0.8,3
spreading_maxsave,0.2708603999344632,2,100,0.8,4
heuristic_maxsave,0.2912302000913769,2,100,0.8,4
spreading_maxsave,0.37843039992731065,3,100,0.8,5
heuristic_maxsave,0.3215703999157995,3,100,0.8,5
spreading_maxsave,0.32476839993614703,5,100,0.8,7
heuristic_maxsave,0.3000060999765992,5,100,0.8,7
spreading_maxsave,0.5747536999406293,7,100,0.8,9
heuristic_maxsave,0.48220800003036857,7,100,0.8,9
spreading_maxsave,0.8200645999750122,10,100,0.8,12
heuristic_maxsave,1.968285399954766,10,100,0.8,12
spreading_maxsave,0.22044059995096177,1,100,0.8,8
heuristic_maxsave,0.15710079995915294,1,100,0.8,8
spreading_maxsave,0.303825999959372,2,100,0.8,9
heuristic_maxsave,2.475498800049536,2,100,0.8,9
spreading_maxsave,1.6107239000266418,3,100,0.8,10
heuristic_maxsave,0.46104759990703315,3,100,0.8,10
spreading_maxsave,2.442769499961287,5,100,0.8,12
heuristic_maxsave,0.5878576999530196,5,100,0.8,12
spreading_maxsave,0.6053430999163538,7,100,0.8,14
heuristic_maxsave,0.40944760001730174,7,100,0.8,14
spreading_maxsave,1.0041366999503225,10,100,0.8,17
heuristic_maxsave,0.9443310999777168,10,100,0.8,17
spreading_maxsave,0.9050189000554383,1,200,0.1,11
heuristic_maxsave,0.3101224999409169,1,200,0.1,10
spreading_maxsave,0.6003441999200732,2,200,0.1,17
heuristic_maxsave,0.8595239999704063,2,200,0.1,14
spreading_maxsave,1.7466400999110192,3,200,0.1,22
heuristic_maxsave,2.005491800024174,3,200,0.1,20
spreading_maxsave,9.820674100075848,5,200,0.1,26
heuristic_maxsave,3.3554683999391273,5,200,0.1,27
spreading_maxsave,3.664976599975489,7,200,0.1,27
heuristic_maxsave,0.7629318999825045,7,200,0.1,27
spreading_maxsave,3.9686909000156447,10,200,0.1,27
heuristic_maxsave,3.569875599932857,10,200,0.1,27
spreading_maxsave,1.9248286000220105,1,200,0.1,25
heuristic_maxsave,1.1235762999858707,1,200,0.1,21
spreading_maxsave,2.1052495000185445,2,200,0.1,38
heuristic_maxsave,0.8490549999987707,2,200,0.1,34
spreading_maxsave,3.1913213001098484,3,200,0.1,49
heuristic_maxsave,0.9891634000232443,3,200,0.1,43
spreading_maxsave,11.763381900032982,5,200,0.1,68
heuristic_maxsave,7.799710700055584,5,200,0.1,57
spreading_maxsave,5.274696600041352,7,200,0.1,82
heuristic_maxsave,1.5639687000075355,7,200,0.1,68
spreading_maxsave,4.27092029992491,10,200,0.1,83
heuristic_maxsave,0.9648876999272034,10,200,0.1,83
spreading_maxsave,1.1481743999756873,1,200,0.1,23
heuristic_maxsave,0.21333810000214726,1,200,0.1,21
spreading_maxsave,0.5427433999720961,2,200,0.1,35
heuristic_maxsave,0.46293269994203,2,200,0.1,30
spreading_maxsave,1.2298072000266984,3,200,0.1,44
heuristic_maxsave,0.7777145999716595,3,200,0.1,39
spreading_maxsave,1.4671855000779033,5,200,0.1,58
heuristic_maxsave,0.4877178999595344,5,200,0.1,51
spreading_maxsave,0.9868086000205949,7,200,0.1,66
heuristic_maxsave,0.6050611999817193,7,200,0.1,62
spreading_maxsave,1.385071499971673,10,200,0.1,67
heuristic_maxsave,0.37818440003320575,10,200,0.1,74
spreading_maxsave,0.3552662000292912,1,200,0.1,12
heuristic_maxsave,0.33882249996531755,1,200,0.1,10
spreading_maxsave,1.0521890999516472,2,200,0.1,19
heuristic_maxsave,0.27584170002955943,2,200,0.1,16
spreading_maxsave,0.7328646000241861,3,200,0.1,24
heuristic_maxsave,0.38255199999548495,3,200,0.1,21
spreading_maxsave,0.8341449999716133,5,200,0.1,27
heuristic_maxsave,0.44135119998827577,5,200,0.1,29
spreading_maxsave,1.4498313000658527,7,200,0.1,28
heuristic_maxsave,0.35354290006216615,7,200,0.1,29
spreading_maxsave,2.1337913000024855,10,200,0.1,29
heuristic_maxsave,0.3627773999469355,10,200,0.1,29
spreading_maxsave,0.3052161999512464,1,200,0.1,13
heuristic_maxsave,0.1224978999234736,1,200,0.1,12
spreading_maxsave,0.4352948000887409,2,200,0.1,21
heuristic_maxsave,0.22560470004100353,2,200,0.1,18
spreading_maxsave,0.6904080000240356,3,200,0.1,28
heuristic_maxsave,0.23803970008157194,3,200,0.1,23
spreading_maxsave,0.8079662000527605,5,200,0.1,37
heuristic_maxsave,0.3063769999425858,5,200,0.1,28
spreading_maxsave,1.2218290999298915,7,200,0.1,38
heuristic_maxsave,0.9404874999308959,7,200,0.1,40
spreading_maxsave,1.1526345999445766,10,200,0.1,40
heuristic_maxsave,0.3009895000141114,10,200,0.1,42
spreading_maxsave,0.3446525000035763,1,200,0.1,26
heuristic_maxsave,0.25325929990503937,1,200,0.1,20
spreading_maxsave,0.9829734999220818,2,200,0.1,37
heuristic_maxsave,0.19861129997298121,2,200,0.1,28
spreading_maxsave,3.804684799979441,3,200,0.1,46
heuristic_maxsave,1.0130890000145882,3,200,0.1,35
spreading_maxsave,1.8874650000361726,5,200,0.1,59
heuristic_maxsave,0.36022680008318275,5,200,0.1,50
spreading_maxsave,1.4471215000376105,7,200,0.1,68
heuristic_maxsave,0.6376972000580281,7,200,0.1,66
spreading_maxsave,1.6695251000346616,10,200,0.1,69
heuristic_maxsave,0.4911871000658721,10,200,0.1,72
spreading_maxsave,0.569406499969773,1,200,0.1,29
heuristic_maxsave,0.16070759994909167,1,200,0.1,24
spreading_maxsave,0.4546373999910429,2,200,0.1,43
heuristic_maxsave,0.3328432000707835,2,200,0.1,40
spreading_maxsave,0.9124732000054792,3,200,0.1,55
heuristic_maxsave,0.4732956999214366,3,200,0.1,52
spreading_maxsave,0.9941988000646234,5,200,0.1,74
heuristic_maxsave,0.43883200001437217,5,200,0.1,69
spreading_maxsave,1.4863259000703692,7,200,0.1,84
heuristic_maxsave,0.4617686999263242,7,200,0.1,78
spreading_maxsave,1.2349050999619067,10,200,0.1,85
heuristic_maxsave,0.359923200099729,10,200,0.1,91
spreading_maxsave,0.3217711999313906,1,200,0.1,19
heuristic_maxsave,0.1375164999626577,1,200,0.1,12
spreading_maxsave,0.6969210000243038,2,200,0.1,29
heuristic_maxsave,0.21961420006118715,2,200,0.1,20
spreading_maxsave,0.8174673001049086,3,200,0.1,37
heuristic_maxsave,0.3954852999886498,3,200,0.1,27
spreading_maxsave,1.180936299962923,5,200,0.1,47
heuristic_maxsave,0.5749307000078261,5,200,0.1,39
spreading_maxsave,1.5643875000532717,7,200,0.1,50
heuristic_maxsave,0.39301769994199276,7,200,0.1,49
spreading_maxsave,2.0771332000149414,10,200,0.1,52
heuristic_maxsave,0.3674683999270201,10,200,0.1,58
spreading_maxsave,0.41649480001069605,1,200,0.1,15
heuristic_maxsave,0.4828645000234246,1,200,0.1,15
spreading_maxsave,1.1313574999803677,2,200,0.1,23
heuristic_maxsave,0.39667310006916523,2,200,0.1,21
spreading_maxsave,0.6622630000347272,3,200,0.1,29
heuristic_maxsave,0.3850995000684634,3,200,0.1,26
spreading_maxsave,1.5926755999680609,5,200,0.1,40
heuristic_maxsave,0.3790024999761954,5,200,0.1,35
spreading_maxsave,1.4044369999319315,7,200,0.1,42
heuristic_maxsave,0.629574199905619,7,200,0.1,44
spreading_maxsave,1.836497800075449,10,200,0.1,44
heuristic_maxsave,0.30747450003400445,10,200,0.1,48
spreading_maxsave,0.46053589996881783,1,200,0.1,8
heuristic_maxsave,0.2376819000346586,1,200,0.1,7
spreading_maxsave,0.5418529000598937,2,200,0.1,13
heuristic_maxsave,0.7339226000476629,2,200,0.1,11
spreading_maxsave,0.893615199951455,3,200,0.1,18
heuristic_maxsave,0.3175913000013679,3,200,0.1,15
spreading_maxsave,0.7770187999121845,5,200,0.1,20
heuristic_maxsave,0.3369406999554485,5,200,0.1,22
spreading_maxsave,0.8491928000003099,7,200,0.1,21
heuristic_maxsave,0.4260207999031991,7,200,0.1,23
spreading_maxsave,1.2253786000655964,10,200,0.1,23
heuristic_maxsave,0.3098645000718534,10,200,0.1,23
spreading_maxsave,0.5300444000167772,1,200,0.25,26
heuristic_maxsave,0.2410658000735566,1,200,0.25,26
spreading_maxsave,0.9622264999197796,2,200,0.25,45
heuristic_maxsave,0.2893905999371782,2,200,0.25,39
spreading_maxsave,0.9105130999814719,3,200,0.25,56
heuristic_maxsave,0.2461773999966681,3,200,0.25,47
spreading_maxsave,0.9117494000820443,5,200,0.25,63
heuristic_maxsave,0.326658200006932,5,200,0.25,62
spreading_maxsave,0.9859617999754846,7,200,0.25,65
heuristic_maxsave,0.36332150001544505,7,200,0.25,68
spreading_maxsave,1.9136192000005394,10,200,0.25,68
heuristic_maxsave,0.5757763999281451,10,200,0.25,71
spreading_maxsave,0.7273275000043213,1,200,0.25,21
heuristic_maxsave,0.3816413999302313,1,200,0.25,16
spreading_maxsave,0.9551116999937221,2,200,0.25,35
heuristic_maxsave,0.21450170001480728,2,200,0.25,30
spreading_maxsave,0.833894299925305,3,200,0.25,44
heuristic_maxsave,0.37799579999409616,3,200,0.25,41
spreading_maxsave,1.118409699993208,5,200,0.25,51
heuristic_maxsave,0.2917593000456691,5,200,0.25,54
spreading_maxsave,2.394620200037025,7,200,0.25,53
heuristic_maxsave,0.5106421000091359,7,200,0.25,56
spreading_maxsave,2.4226089000003412,10,200,0.25,56
heuristic_maxsave,0.39233059994876385,10,200,0.25,59
spreading_maxsave,0.36497919994872063,1,200,0.25,22
heuristic_maxsave,0.14530039997771382,1,200,0.25,21
spreading_maxsave,0.8979131999658421,2,200,0.25,37
heuristic_maxsave,0.23338350001722574,2,200,0.25,32
spreading_maxsave,0.6270566000603139,3,200,0.25,45
heuristic_maxsave,0.2786568000447005,3,200,0.25,41
spreading_maxsave,0.832499000011012,5,200,0.25,47
heuristic_maxsave,0.3581748999422416,5,200,0.25,50
spreading_maxsave,1.6716419000877067,7,200,0.25,49
heuristic_maxsave,0.5683434999082237,7,200,0.25,52
spreading_maxsave,1.6805537999607623,10,200,0.25,52
heuristic_maxsave,0.9099688999122009,10,200,0.25,55
spreading_maxsave,0.5006791000487283,1,200,0.25,15
heuristic_maxsave,0.2250261000590399,1,200,0.25,12
spreading_maxsave,1.041636300040409,2,200,0.25,24
heuristic_maxsave,0.310752599965781,2,200,0.25,20
spreading_maxsave,0.7952057999791577,3,200,0.25,28
heuristic_maxsave,0.5424306000350043,3,200,0.25,26
spreading_maxsave,1.4116261000744998,5,200,0.25,30
heuristic_maxsave,0.4762061999645084,5,200,0.25,33
spreading_maxsave,1.0183761999942362,7,200,0.25,32
heuristic_maxsave,0.5332688000053167,7,200,0.25,35
spreading_maxsave,1.71401130000595,10,200,0.25,35
heuristic_maxsave,0.48789889994077384,10,200,0.25,38
spreading_maxsave,0.7053084999788553,1,200,0.25,23
heuristic_maxsave,0.3668377000140026,1,200,0.25,20
spreading_maxsave,0.9563456999603659,2,200,0.25,40
heuristic_maxsave,0.223793699988164,2,200,0.25,35
spreading_maxsave,0.6945341000100598,3,200,0.25,51
heuristic_maxsave,0.7598798999097198,3,200,0.25,45
spreading_maxsave,1.2625653999857605,5,200,0.25,56
heuristic_maxsave,0.3069793999893591,5,200,0.25,58
spreading_maxsave,1.8213764999527484,7,200,0.25,58
heuristic_maxsave,0.37096770002972335,7,200,0.25,62
spreading_maxsave,1.6834285000804812,10,200,0.25,61
heuristic_maxsave,0.40107899997383356,10,200,0.25,65
spreading_maxsave,0.9563813999993727,1,200,0.25,20
heuristic_maxsave,0.440714200027287,1,200,0.25,17
spreading_maxsave,0.657765100011602,2,200,0.25,33
heuristic_maxsave,0.23734350001905113,2,200,0.25,27
spreading_maxsave,0.5185419000918046,3,200,0.25,41
heuristic_maxsave,0.5433829999528825,3,200,0.25,37
spreading_maxsave,0.886759000015445,5,200,0.25,43
heuristic_maxsave,0.6104139999952167,5,200,0.25,46
spreading_maxsave,1.4782769000157714,7,200,0.25,45
heuristic_maxsave,0.34733039990533143,7,200,0.25,48
spreading_maxsave,1.170093199936673,10,200,0.25,48
heuristic_maxsave,0.41673369996715337,10,200,0.25,51
spreading_maxsave,0.4206644000951201,1,200,0.25,27
heuristic_maxsave,0.15589009993709624,1,200,0.25,21
spreading_maxsave,1.1534911000635475,2,200,0.25,43
heuristic_maxsave,0.3379575000144541,2,200,0.25,38
spreading_maxsave,1.006785099976696,3,200,0.25,55
heuristic_maxsave,0.28049599996302277,3,200,0.25,48
spreading_maxsave,1.9604622999904677,5,200,0.25,61
heuristic_maxsave,0.5995289999991655,5,200,0.25,63
spreading_maxsave,1.806084599927999,7,200,0.25,63
heuristic_maxsave,0.56579319993034,7,200,0.25,68
spreading_maxsave,2.085921199992299,10,200,0.25,66
heuristic_maxsave,0.6709460000274703,10,200,0.25,71
spreading_maxsave,0.661012600059621,1,200,0.25,28
heuristic_maxsave,0.2306475000223145,1,200,0.25,22
spreading_maxsave,0.6948762000538409,2,200,0.25,49
heuristic_maxsave,0.2385078000370413,2,200,0.25,44
spreading_maxsave,0.7522822999162599,3,200,0.25,63
heuristic_maxsave,0.34430929995141923,3,200,0.25,58
spreading_maxsave,0.8233877000166103,5,200,0.25,71
heuristic_maxsave,0.26458660000935197,5,200,0.25,75
spreading_maxsave,1.0396444000070915,7,200,0.25,73
heuristic_maxsave,0.2651287999469787,7,200,0.25,77
spreading_maxsave,1.1314202999928966,10,200,0.25,76
heuristic_maxsave,0.3635900999652222,10,200,0.25,80
spreading_maxsave,0.34579990000929683,1,200,0.25,23
heuristic_maxsave,0.16656639997381717,1,200,0.25,19
spreading_maxsave,0.5319151999428868,2,200,0.25,39
heuristic_maxsave,0.1951391000766307,2,200,0.25,32
spreading_maxsave,0.5848742000525817,3,200,0.25,48
heuristic_maxsave,0.2616442999569699,3,200,0.25,42
spreading_maxsave,0.8502589999698102,5,200,0.25,52
heuristic_maxsave,0.25948859995696694,5,200,0.25,56
spreading_maxsave,2.259702399955131,7,200,0.25,54
heuristic_maxsave,0.621992600033991,7,200,0.25,58
spreading_maxsave,1.615271000075154,10,200,0.25,57
heuristic_maxsave,0.7826116000069305,10,200,0.25,61
spreading_maxsave,0.4445646000094712,1,200,0.25,23
heuristic_maxsave,0.5058091999962926,1,200,0.25,20
spreading_maxsave,1.118314600083977,2,200,0.25,38
heuristic_maxsave,0.28402519994415343,2,200,0.25,36
spreading_maxsave,0.8644957999931648,3,200,0.25,48
heuristic_maxsave,0.29955140000674874,3,200,0.25,46
spreading_maxsave,1.2215918999863788,5,200,0.25,56
heuristic_maxsave,0.34409769997000694,5,200,0.25,60
spreading_maxsave,0.884051000000909,7,200,0.25,58
heuristic_maxsave,0.295938300085254,7,200,0.25,62
spreading_maxsave,1.1812008999986574,10,200,0.25,61
heuristic_maxsave,0.3089075000025332,10,200,0.25,65
spreading_maxsave,0.4545416999608278,1,200,0.5,26
heuristic_maxsave,0.5450529999798164,1,200,0.5,22
spreading_maxsave,0.6976333999773487,2,200,0.5,36
heuristic_maxsave,0.3937841000733897,2,200,0.5,37
spreading_maxsave,4.546928600058891,3,200,0.5,37
heuristic_maxsave,1.6233704999322072,3,200,0.5,38
spreading_maxsave,1.4462555000791326,5,200,0.5,39
heuristic_maxsave,0.4592263998929411,5,200,0.5,40
spreading_maxsave,1.816769600030966,7,200,0.5,41
heuristic_maxsave,1.1883199999574572,7,200,0.5,42
spreading_maxsave,1.4635433999355882,10,200,0.5,44
heuristic_maxsave,1.5116080000298098,10,200,0.5,45
spreading_maxsave,0.6281315999804065,1,200,0.5,25
heuristic_maxsave,0.22002000000793487,1,200,0.5,25
spreading_maxsave,0.6316700000315905,2,200,0.5,33
heuristic_maxsave,0.2850908999098465,2,200,0.5,33
spreading_maxsave,1.3278581999475136,3,200,0.5,34
heuristic_maxsave,0.41862659994512796,3,200,0.5,34
spreading_maxsave,1.311657499987632,5,200,0.5,36
heuristic_maxsave,0.37620049994438887,5,200,0.5,36
spreading_maxsave,1.307460100040771,7,200,0.5,38
heuristic_maxsave,0.8866582999471575,7,200,0.5,38
spreading_maxsave,1.7511512000346556,10,200,0.5,41
heuristic_maxsave,1.361748700030148,10,200,0.5,41
spreading_maxsave,0.3922071000561118,1,200,0.5,32
heuristic_maxsave,0.17881880002096295,1,200,0.5,29
spreading_maxsave,0.6720338000450283,2,200,0.5,43
heuristic_maxsave,0.4678423000732437,2,200,0.5,42
spreading_maxsave,0.8247002999996766,3,200,0.5,44
heuristic_maxsave,0.5701919000130147,3,200,0.5,45
spreading_maxsave,0.8495311998995021,5,200,0.5,46
heuristic_maxsave,0.4828235999448225,5,200,0.5,47
spreading_maxsave,0.8511180999921635,7,200,0.5,48
heuristic_maxsave,0.5109190000221133,7,200,0.5,49
spreading_maxsave,1.1945544999325648,10,200,0.5,51
heuristic_maxsave,0.7787099999841303,10,200,0.5,52
spreading_maxsave,0.4005427999654785,1,200,0.5,28
heuristic_maxsave,0.1735774000408128,1,200,0.5,26
spreading_maxsave,0.5886140000075102,2,200,0.5,37
heuristic_maxsave,0.23126960010267794,2,200,0.5,37
spreading_maxsave,0.5750773000763729,3,200,0.5,38
heuristic_maxsave,0.5664816999342293,3,200,0.5,39
spreading_maxsave,0.8022208000766113,5,200,0.5,40
heuristic_maxsave,0.3909041000297293,5,200,0.5,41
spreading_maxsave,1.2114985999651253,7,200,0.5,42
heuristic_maxsave,1.014163300045766,7,200,0.5,43
spreading_maxsave,1.0999466999201104,10,200,0.5,45
heuristic_maxsave,0.7363544999388978,10,200,0.5,46
spreading_maxsave,0.3702315000118688,1,200,0.5,5
heuristic_maxsave,0.17942800000309944,1,200,0.5,5
spreading_maxsave,0.38075000001117587,2,200,0.5,6
heuristic_maxsave,0.39433649997226894,2,200,0.5,7
spreading_maxsave,0.526457600062713,3,200,0.5,7
heuristic_maxsave,0.3817146000219509,3,200,0.5,8
spreading_maxsave,0.587264999980107,5,200,0.5,9
heuristic_maxsave,0.44565999996848404,5,200,0.5,10
spreading_maxsave,0.7721188999712467,7,200,0.5,10
heuristic_maxsave,0.6284129000268877,7,200,0.5,10
spreading_maxsave,2.4745601000031456,10,200,0.5,10
heuristic_maxsave,0.9901900999248028,10,200,0.5,10
spreading_maxsave,0.6010517999529839,1,200,0.5,3
heuristic_maxsave,0.2895556000294164,1,200,0.5,3
spreading_maxsave,0.9085720999864861,2,200,0.5,4
heuristic_maxsave,0.34235039993654937,2,200,0.5,5
spreading_maxsave,0.5020371000282466,3,200,0.5,5
heuristic_maxsave,0.44831620005425066,3,200,0.5,5
spreading_maxsave,1.366485400008969,5,200,0.5,5
heuristic_maxsave,0.5472070999676362,5,200,0.5,5
spreading_maxsave,1.815519499941729,7,200,0.5,5
heuristic_maxsave,0.7075098999775946,7,200,0.5,5
spreading_maxsave,1.2568353000096977,10,200,0.5,5
heuristic_maxsave,2.054277000017464,10,200,0.5,5
spreading_maxsave,0.5699043000349775,1,200,0.5,11
heuristic_maxsave,0.42353589995764196,1,200,0.5,8
spreading_maxsave,0.6865193999838084,2,200,0.5,12
heuristic_maxsave,0.44774420000612736,2,200,0.5,13
spreading_maxsave,0.8354951000073925,3,200,0.5,13
heuristic_maxsave,0.5612025000154972,3,200,0.5,14
spreading_maxsave,1.031694799894467,5,200,0.5,15
heuristic_maxsave,0.49552460003178567,5,200,0.5,16
spreading_maxsave,1.2121308000059798,7,200,0.5,17
heuristic_maxsave,1.216790199978277,7,200,0.5,18
spreading_maxsave,2.3358665000414476,10,200,0.5,20
heuristic_maxsave,1.8155833999626338,10,200,0.5,21
spreading_maxsave,0.595803799922578,1,200,0.5,3
heuristic_maxsave,0.3017404000274837,1,200,0.5,3
spreading_maxsave,1.4004964999621734,2,200,0.5,4
heuristic_maxsave,0.5022372999228537,2,200,0.5,4
spreading_maxsave,0.5758086000569165,3,200,0.5,5
heuristic_maxsave,0.4055041999090463,3,200,0.5,5
spreading_maxsave,1.735567900002934,5,200,0.5,5
heuristic_maxsave,0.6684918000828475,5,200,0.5,5
spreading_maxsave,1.1354080999735743,7,200,0.5,5
heuristic_maxsave,0.5445793999824673,7,200,0.5,5
spreading_maxsave,1.5180808000732213,10,200,0.5,5
heuristic_maxsave,0.8542255000211298,10,200,0.5,5
spreading_maxsave,1.0516100000822917,1,200,0.5,28
heuristic_maxsave,0.4929689000127837,1,200,0.5,21
spreading_maxsave,0.48974910005927086,2,200,0.5,35
heuristic_maxsave,0.27948689996264875,2,200,0.5,33
spreading_maxsave,0.8298759000608698,3,200,0.5,36
heuristic_maxsave,0.33384159998968244,3,200,0.5,37
spreading_maxsave,0.920687299920246,5,200,0.5,38
heuristic_maxsave,0.4702817000215873,5,200,0.5,39
spreading_maxsave,1.7397240999853238,7,200,0.5,40
heuristic_maxsave,0.6427142999600619,7,200,0.5,41
spreading_maxsave,1.7541999000823125,10,200,0.5,43
heuristic_maxsave,2.24772290000692,10,200,0.5,44
spreading_maxsave,0.694613300031051,1,200,0.5,15
heuristic_maxsave,0.4482170999981463,1,200,0.5,13
spreading_maxsave,1.0640133999986574,2,200,0.5,18
heuristic_maxsave,0.23118430003523827,2,200,0.5,20
spreading_maxsave,0.5188674000091851,3,200,0.5,19
heuristic_maxsave,0.6901742999907583,3,200,0.5,21
spreading_maxsave,2.2412683999864385,5,200,0.5,21
heuristic_maxsave,0.4713324001058936,5,200,0.5,23
spreading_maxsave,0.9223265999462456,7,200,0.5,23
heuristic_maxsave,0.7328151999972761,7,200,0.5,25
spreading_maxsave,1.2064377999631688,10,200,0.5,26
heuristic_maxsave,0.6976036999840289,10,200,0.5,28
spreading_maxsave,0.9262929999968037,1,200,0.8,3
heuristic_maxsave,0.3233592000324279,1,200,0.8,3
spreading_maxsave,0.615128800040111,2,200,0.8,4
heuristic_maxsave,0.44574170000851154,2,200,0.8,4
spreading_maxsave,0.42068550002295524,3,200,0.8,5
heuristic_maxsave,0.4993903998984024,3,200,0.8,5
spreading_maxsave,0.8758216999704018,5,200,0.8,7
heuristic_maxsave,0.9542360999621451,5,200,0.8,7
spreading_maxsave,1.8225759000051767,7,200,0.8,9
heuristic_maxsave,1.297270999988541,7,200,0.8,9
spreading_maxsave,1.8165004999609664,10,200,0.8,12
heuristic_maxsave,1.337102000019513,10,200,0.8,12
spreading_maxsave,0.36746470001526177,1,200,0.8,13
heuristic_maxsave,0.3371638999087736,1,200,0.8,13
spreading_maxsave,0.4162339000031352,2,200,0.8,14
heuristic_maxsave,0.4733089000219479,2,200,0.8,14
spreading_maxsave,0.8282982000382617,3,200,0.8,15
heuristic_maxsave,0.7219620000105351,3,200,0.8,15
spreading_maxsave,0.9661179000977427,5,200,0.8,17
heuristic_maxsave,1.311301700072363,5,200,0.8,17
spreading_maxsave,1.3428827000316232,7,200,0.8,19
heuristic_maxsave,1.1409939000150189,7,200,0.8,19
spreading_maxsave,1.1009915999602526,10,200,0.8,22
heuristic_maxsave,2.211755600059405,10,200,0.8,22
spreading_maxsave,0.6593486999627203,1,200,0.8,7
heuristic_maxsave,0.31003680010326207,1,200,0.8,7
spreading_maxsave,0.7011578000383452,2,200,0.8,8
heuristic_maxsave,1.0852564999368042,2,200,0.8,8
spreading_maxsave,0.6575959000037983,3,200,0.8,9
heuristic_maxsave,0.6633538999594748,3,200,0.8,9
spreading_maxsave,1.8942508000181988,5,200,0.8,11
heuristic_maxsave,1.4490551999770105,5,200,0.8,11
spreading_maxsave,0.8822388000553474,7,200,0.8,13
heuristic_maxsave,1.0583823000779375,7,200,0.8,13
spreading_maxsave,1.2103122000116855,10,200,0.8,16
heuristic_maxsave,1.553797799977474,10,200,0.8,16
spreading_maxsave,0.4569874999579042,1,200,0.8,5
heuristic_maxsave,0.1818918000208214,1,200,0.8,5
spreading_maxsave,0.45968870003707707,2,200,0.8,6
heuristic_maxsave,0.4351023000199348,2,200,0.8,6
spreading_maxsave,0.5339694999856874,3,200,0.8,7
heuristic_maxsave,0.49131190008483827,3,200,0.8,7
spreading_maxsave,0.7354361000470817,5,200,0.8,9
heuristic_maxsave,0.7695276000304148,5,200,0.8,9
spreading_maxsave,1.2565925000235438,7,200,0.8,11
heuristic_maxsave,1.3678814999293536,7,200,0.8,11
spreading_maxsave,2.9527259999886155,10,200,0.8,14
heuristic_maxsave,1.773235100088641,10,200,0.8,14
spreading_maxsave,0.8342922999290749,1,200,0.8,7
heuristic_maxsave,0.36622450000140816,1,200,0.8,7
spreading_maxsave,0.9532562999520451,2,200,0.8,8
heuristic_maxsave,0.6174452999839559,2,200,0.8,8
spreading_maxsave,0.8053837999468669,3,200,0.8,9
heuristic_maxsave,1.0609182000625879,3,200,0.8,9
spreading_maxsave,0.9564146000193432,5,200,0.8,11
heuristic_maxsave,1.6458035000832751,5,200,0.8,11
spreading_maxsave,1.9427551000844687,7,200,0.8,13
heuristic_maxsave,2.0646473999368027,7,200,0.8,13
spreading_maxsave,2.091238500084728,10,200,0.8,16
heuristic_maxsave,5.621493999962695,10,200,0.8,16
spreading_maxsave,0.5476205999730155,1,200,0.8,12
heuristic_maxsave,0.30203760007862,1,200,0.8,12
spreading_maxsave,0.391783699975349,2,200,0.8,13
heuristic_maxsave,0.4916764999506995,2,200,0.8,13
spreading_maxsave,0.41916159994434565,3,200,0.8,14
heuristic_maxsave,0.4134834000142291,3,200,0.8,14
spreading_maxsave,0.8389264999423176,5,200,0.8,16
heuristic_maxsave,1.1460426000412554,5,200,0.8,16
spreading_maxsave,1.1766525000566617,7,200,0.8,18
heuristic_maxsave,1.0162894999375567,7,200,0.8,18
spreading_maxsave,0.9459512000903487,10,200,0.8,21
heuristic_maxsave,1.395721000037156,10,200,0.8,21
spreading_maxsave,0.4632656000321731,1,200,0.8,14
heuristic_maxsave,0.24171659990679473,1,200,0.8,12
spreading_maxsave,0.3378670000238344,2,200,0.8,15
heuristic_maxsave,0.41641549998894334,2,200,0.8,15
spreading_maxsave,0.4570728000253439,3,200,0.8,16
heuristic_maxsave,0.4225282999686897,3,200,0.8,16
spreading_maxsave,0.7197633000323549,5,200,0.8,18
heuristic_maxsave,0.7076149999629706,5,200,0.8,18
spreading_maxsave,0.8114339000312611,7,200,0.8,20
heuristic_maxsave,0.9026250001043081,7,200,0.8,20
spreading_maxsave,1.146022200002335,10,200,0.8,23
heuristic_maxsave,1.261327699990943,10,200,0.8,23
spreading_maxsave,0.4072094999719411,1,200,0.8,18
heuristic_maxsave,0.2794784000143409,1,200,0.8,18
spreading_maxsave,0.4939285999862477,2,200,0.8,19
heuristic_maxsave,0.37276709999423474,2,200,0.8,19
spreading_maxsave,0.6123512999620289,3,200,0.8,20
heuristic_maxsave,0.5165773000335321,3,200,0.8,20
spreading_maxsave,0.7950883000157773,5,200,0.8,22
heuristic_maxsave,0.6544305999996141,5,200,0.8,22
spreading_maxsave,1.0044573000632226,7,200,0.8,24
heuristic_maxsave,0.9114674999145791,7,200,0.8,24
spreading_maxsave,1.2136161000235006,10,200,0.8,27
heuristic_maxsave,1.3564713000087067,10,200,0.8,27
spreading_maxsave,0.3550848999293521,1,200,0.8,10
heuristic_maxsave,0.2701054000062868,1,200,0.8,10
spreading_maxsave,0.43602619995363057,2,200,0.8,11
heuristic_maxsave,0.3277542000869289,2,200,0.8,11
spreading_maxsave,0.47118550003506243,3,200,0.8,12
heuristic_maxsave,0.9746657999930903,3,200,0.8,12
spreading_maxsave,0.8950845999643207,5,200,0.8,14
heuristic_maxsave,0.7737338999286294,5,200,0.8,14
spreading_maxsave,0.9525235000764951,7,200,0.8,16
heuristic_maxsave,1.5395565000362694,7,200,0.8,16
spreading_maxsave,3.1139145999914035,10,200,0.8,19
heuristic_maxsave,3.2679469001013786,10,200,0.8,19
spreading_maxsave,0.38459210004657507,1,200,0.8,15
heuristic_maxsave,0.3051156000001356,1,200,0.8,15
spreading_maxsave,0.544484099955298,2,200,0.8,16
heuristic_maxsave,0.45918189990334213,2,200,0.8,16
spreading_maxsave,0.9063334000529721,3,200,0.8,17
heuristic_maxsave,1.093325600028038,3,200,0.8,17
spreading_maxsave,1.2422069000313058,5,200,0.8,19
heuristic_maxsave,1.0539468000642955,5,200,0.8,19
spreading_maxsave,0.9311184000689536,7,200,0.8,21
heuristic_maxsave,1.116309699951671,7,200,0.8,21
spreading_maxsave,1.593565299990587,10,200,0.8,24
heuristic_maxsave,1.4407327000517398,10,200,0.8,24
spreading_maxsave,1.2105934000574052,1,400,0.1,19
heuristic_maxsave,0.3735195000190288,1,400,0.1,13
spreading_maxsave,1.5016902999486774,2,400,0.1,33
heuristic_maxsave,0.5294825000455603,2,400,0.1,25
spreading_maxsave,1.700827799970284,3,400,0.1,45
heuristic_maxsave,0.8947011000709608,3,400,0.1,36
spreading_maxsave,2.438496800023131,5,400,0.1,63
heuristic_maxsave,1.4345680000260472,5,400,0.1,51
spreading_maxsave,4.773936099954881,7,400,0.1,77
heuristic_maxsave,1.2580650999443606,7,400,0.1,61
spreading_maxsave,3.6446416000835598,10,400,0.1,83
heuristic_maxsave,1.350999099900946,10,400,0.1,73
spreading_maxsave,1.5049853000091389,1,400,0.1,8
heuristic_maxsave,0.45717720000538975,1,400,0.1,6
spreading_maxsave,1.5938919000327587,2,400,0.1,15
heuristic_maxsave,0.6327998000197113,2,400,0.1,10
spreading_maxsave,1.9563288999488577,3,400,0.1,20
heuristic_maxsave,0.8560678999638185,3,400,0.1,13
spreading_maxsave,2.532851399970241,5,400,0.1,23
heuristic_maxsave,0.7699581999331713,5,400,0.1,25
spreading_maxsave,2.748180399998091,7,400,0.1,25
heuristic_maxsave,0.8733285999624059,7,400,0.1,26
spreading_maxsave,3.482927000033669,10,400,0.1,26
heuristic_maxsave,0.7534622000530362,10,400,0.1,26
spreading_maxsave,1.0065209000604227,1,400,0.1,26
heuristic_maxsave,0.45586380001623183,1,400,0.1,22
spreading_maxsave,1.9975860000122339,2,400,0.1,49
heuristic_maxsave,0.5894798999652267,2,400,0.1,40
spreading_maxsave,1.6505202999105677,3,400,0.1,68
heuristic_maxsave,0.498539499938488,3,400,0.1,54
spreading_maxsave,2.3474998000310734,5,400,0.1,100
heuristic_maxsave,1.0667990000220016,5,400,0.1,77
spreading_maxsave,3.605561799951829,7,400,0.1,123
heuristic_maxsave,1.6600252999924123,7,400,0.1,96
spreading_maxsave,3.9028641999466345,10,400,0.1,146
heuristic_maxsave,2.2411655000178143,10,400,0.1,118
spreading_maxsave,1.2157293000491336,1,400,0.1,18
heuristic_maxsave,0.3120253999950364,1,400,0.1,14
spreading_maxsave,2.1262900999281555,2,400,0.1,33
heuristic_maxsave,0.5087915000040084,2,400,0.1,25
spreading_maxsave,2.570710900006816,3,400,0.1,45
heuristic_maxsave,0.5472286000149325,3,400,0.1,37
spreading_maxsave,2.2334417999954894,5,400,0.1,65
heuristic_maxsave,0.809398700017482,5,400,0.1,54
spreading_maxsave,2.4060647999867797,7,400,0.1,78
heuristic_maxsave,2.122800700017251,7,400,0.1,69
spreading_maxsave,3.359527499997057,10,400,0.1,80
heuristic_maxsave,0.9172073999652639,10,400,0.1,84
spreading_maxsave,1.0133159999968484,1,400,0.1,14
heuristic_maxsave,0.32742440002039075,1,400,0.1,9
spreading_maxsave,1.3884659999748692,2,400,0.1,26
heuristic_maxsave,0.5523385000415146,2,400,0.1,18
spreading_maxsave,6.039894100045785,3,400,0.1,35
heuristic_maxsave,1.4668939000694081,3,400,0.1,23
spreading_maxsave,3.0313621000386775,5,400,0.1,49
heuristic_maxsave,2.7162352999439463,5,400,0.1,34
spreading_maxsave,3.7741334999445826,7,400,0.1,55
heuristic_maxsave,1.050859700073488,7,400,0.1,48
spreading_maxsave,3.6366146000800654,10,400,0.1,56
heuristic_maxsave,0.9168785000219941,10,400,0.1,59
spreading_maxsave,1.319277200032957,1,400,0.1,25
heuristic_maxsave,0.3594535000156611,1,400,0.1,22
spreading_maxsave,1.3853100000414997,2,400,0.1,47
heuristic_maxsave,0.5578387000132352,2,400,0.1,37
spreading_maxsave,1.6756059000035748,3,400,0.1,64
heuristic_maxsave,0.6144472999731079,3,400,0.1,51
spreading_maxsave,2.921399199985899,5,400,0.1,90
heuristic_maxsave,1.3373741999967024,5,400,0.1,75
spreading_maxsave,3.4678387000458315,7,400,0.1,110
heuristic_maxsave,1.4021026999689639,7,400,0.1,93
spreading_maxsave,8.31042570003774,10,400,0.1,124
heuristic_maxsave,1.1669729000423104,10,400,0.1,112
spreading_maxsave,0.9554294999688864,1,400,0.1,8
heuristic_maxsave,0.30675150000024587,1,400,0.1,8
spreading_maxsave,1.2263661000179127,2,400,0.1,13
heuristic_maxsave,0.568567999987863,2,400,0.1,11
spreading_maxsave,1.5499685999238864,3,400,0.1,16
heuristic_maxsave,0.5640867999754846,3,400,0.1,14
spreading_maxsave,1.8015828999923542,5,400,0.1,18
heuristic_maxsave,0.9419357000151649,5,400,0.1,18
spreading_maxsave,2.050167400040664,7,400,0.1,20
heuristic_maxsave,1.0496519999578595,7,400,0.1,20
spreading_maxsave,3.422068899963051,10,400,0.1,20
heuristic_maxsave,1.3979780999943614,10,400,0.1,20
spreading_maxsave,1.5164179999846965,1,400,0.1,33
heuristic_maxsave,1.2103361000772566,1,400,0.1,31
spreading_maxsave,2.1641804999671876,2,400,0.1,57
heuristic_maxsave,0.6586146999616176,2,400,0.1,53
spreading_maxsave,1.9494919999269769,3,400,0.1,79
heuristic_maxsave,0.9408692999277264,3,400,0.1,73
spreading_maxsave,2.1937465000664815,5,400,0.1,115
heuristic_maxsave,0.842927600024268,5,400,0.1,104
spreading_maxsave,2.512397999991663,7,400,0.1,143
heuristic_maxsave,0.9103951998986304,7,400,0.1,127
spreading_maxsave,3.2453734000446275,10,400,0.1,168
heuristic_maxsave,0.9249928999925032,10,400,0.1,154
spreading_maxsave,1.0186756000621244,1,400,0.1,23
heuristic_maxsave,0.36047479999251664,1,400,0.1,22
spreading_maxsave,1.416213900083676,2,400,0.1,42
heuristic_maxsave,0.5803060999605805,2,400,0.1,36
spreading_maxsave,1.733119299984537,3,400,0.1,59
heuristic_maxsave,0.573100300040096,3,400,0.1,48
spreading_maxsave,2.0623836000449955,5,400,0.1,85
heuristic_maxsave,1.0069646999472752,5,400,0.1,72
spreading_maxsave,2.742005700012669,7,400,0.1,104
heuristic_maxsave,0.8667834000661969,7,400,0.1,89
spreading_maxsave,3.8671101999934763,10,400,0.1,118
heuristic_maxsave,1.0607743000146002,10,400,0.1,104
spreading_maxsave,1.266391500015743,1,400,0.1,15
heuristic_maxsave,0.32209170004352927,1,400,0.1,13
spreading_maxsave,1.420517500024289,2,400,0.1,26
heuristic_maxsave,0.8288302000146359,2,400,0.1,23
spreading_maxsave,1.5489784999517724,3,400,0.1,36
heuristic_maxsave,0.7723738000495359,3,400,0.1,33
spreading_maxsave,2.0518720999825746,5,400,0.1,52
heuristic_maxsave,0.7994871000992134,5,400,0.1,47
spreading_maxsave,2.503243299899623,7,400,0.1,63
heuristic_maxsave,0.8725602999329567,7,400,0.1,59
spreading_maxsave,3.3950874999864027,10,400,0.1,64
heuristic_maxsave,1.6519704000093043,10,400,0.1,67
spreading_maxsave,1.8656552999746054,1,400,0.25,29
heuristic_maxsave,1.2893002000637352,1,400,0.25,22
spreading_maxsave,2.761609899927862,2,400,0.25,46
heuristic_maxsave,0.8380449999822304,2,400,0.25,38
spreading_maxsave,2.3990906999679282,3,400,0.25,58
heuristic_maxsave,0.5802421999396756,3,400,0.25,49
spreading_maxsave,3.819439099985175,5,400,0.25,63
heuristic_maxsave,0.9499513000482693,5,400,0.25,66
spreading_maxsave,2.7866284999763593,7,400,0.25,65
heuristic_maxsave,0.8328120999503881,7,400,0.25,69
spreading_maxsave,3.4960882000159472,10,400,0.25,68
heuristic_maxsave,1.1750226001022384,10,400,0.25,72
spreading_maxsave,1.7678561999928206,1,400,0.25,40
heuristic_maxsave,0.7507260999409482,1,400,0.25,37
spreading_maxsave,1.6343621999258175,2,400,0.25,69
heuristic_maxsave,0.5852811000077054,2,400,0.25,62
spreading_maxsave,2.4431131000164896,3,400,0.25,87
heuristic_maxsave,0.5936883999966085,3,400,0.25,82
spreading_maxsave,2.3459872999228537,5,400,0.25,106
heuristic_maxsave,0.7710884000407532,5,400,0.25,106
spreading_maxsave,2.747858799993992,7,400,0.25,108
heuristic_maxsave,1.0047927999403328,7,400,0.25,113
spreading_maxsave,3.1719464000780135,10,400,0.25,111
heuristic_maxsave,0.8193934001028538,10,400,0.25,116
spreading_maxsave,1.2515304000116885,1,400,0.25,47
heuristic_maxsave,0.6737637999467552,1,400,0.25,45
spreading_maxsave,1.9572964999824762,2,400,0.25,81
heuristic_maxsave,0.5441685999976471,2,400,0.25,73
spreading_maxsave,2.376184899942018,3,400,0.25,106
heuristic_maxsave,0.67244989995379,3,400,0.25,94
spreading_maxsave,2.2845730999251828,5,400,0.25,125
heuristic_maxsave,0.7996875999961048,5,400,0.25,121
spreading_maxsave,6.306691499892622,7,400,0.25,127
heuristic_maxsave,1.4847948000533506,7,400,0.25,132
spreading_maxsave,5.09308149991557,10,400,0.25,130
heuristic_maxsave,1.062144699972123,10,400,0.25,135
spreading_maxsave,1.8513921999838203,1,400,0.25,26
heuristic_maxsave,0.9541215999051929,1,400,0.25,23
spreading_maxsave,1.9794445000588894,2,400,0.25,45
heuristic_maxsave,0.5538571999641135,2,400,0.25,38
spreading_maxsave,1.927274000016041,3,400,0.25,57
heuristic_maxsave,0.7213449999690056,3,400,0.25,50
spreading_maxsave,2.388472899910994,5,400,0.25,62
heuristic_maxsave,0.6809135000221431,5,400,0.25,64
spreading_maxsave,2.176908200024627,7,400,0.25,64
heuristic_maxsave,0.8033061999594793,7,400,0.25,68
spreading_maxsave,3.0941465999931097,10,400,0.25,67
heuristic_maxsave,1.0333174999104813,10,400,0.25,71
spreading_maxsave,1.1899620000040159,1,400,0.25,23
heuristic_maxsave,0.4604417000664398,1,400,0.25,20
spreading_maxsave,1.6172917999792844,2,400,0.25,38
heuristic_maxsave,0.5873269999865443,2,400,0.25,33
spreading_maxsave,2.2490740000503138,3,400,0.25,47
heuristic_maxsave,0.9282352000009269,3,400,0.25,44
spreading_maxsave,1.957201800076291,5,400,0.25,50
heuristic_maxsave,0.7336088999873027,5,400,0.25,54
spreading_maxsave,2.2258086000801995,7,400,0.25,52
heuristic_maxsave,0.7664549000328407,7,400,0.25,56
spreading_maxsave,2.684344300068915,10,400,0.25,55
heuristic_maxsave,1.3147092000581324,10,400,0.25,59
spreading_maxsave,1.3957304999930784,1,400,0.25,31
heuristic_maxsave,0.7020171999465674,1,400,0.25,30
spreading_maxsave,2.080003199982457,2,400,0.25,53
heuristic_maxsave,0.7656374000944197,2,400,0.25,46
spreading_maxsave,1.8277777000330389,3,400,0.25,66
heuristic_maxsave,0.9021150000626221,3,400,0.25,60
spreading_maxsave,2.3898722999729216,5,400,0.25,74
heuristic_maxsave,1.149240699945949,5,400,0.25,77
spreading_maxsave,3.0841680000303313,7,400,0.25,76
heuristic_maxsave,1.2592920999741182,7,400,0.25,80
spreading_maxsave,5.7218927999492735,10,400,0.25,79
heuristic_maxsave,1.2493087999755517,10,400,0.25,83
spreading_maxsave,2.3505340999690816,1,400,0.25,13
heuristic_maxsave,0.49850929994136095,1,400,0.25,13
spreading_maxsave,1.4922441999660805,2,400,0.25,21
heuristic_maxsave,0.591639699996449,2,400,0.25,21
spreading_maxsave,1.4137192000634968,3,400,0.25,22
heuristic_maxsave,0.9775936000514776,3,400,0.25,23
spreading_maxsave,2.357023900025524,5,400,0.25,24
heuristic_maxsave,0.8542958999751136,5,400,0.25,25
spreading_maxsave,3.3606154000153765,7,400,0.25,26
heuristic_maxsave,1.463783000013791,7,400,0.25,27
spreading_maxsave,3.296473699971102,10,400,0.25,29
heuristic_maxsave,0.9742508000927046,10,400,0.25,30
spreading_maxsave,1.445442600059323,1,400,0.25,8
heuristic_maxsave,0.363917600014247,1,400,0.25,6
spreading_maxsave,1.350258499966003,2,400,0.25,13
heuristic_maxsave,0.7456516999518499,2,400,0.25,11
spreading_maxsave,1.5304379999870434,3,400,0.25,13
heuristic_maxsave,0.9274802000727504,3,400,0.25,14
spreading_maxsave,3.1166487000882626,5,400,0.25,15
heuristic_maxsave,0.905468099983409,5,400,0.25,16
spreading_maxsave,2.527823999989778,7,400,0.25,16
heuristic_maxsave,2.156883400049992,7,400,0.25,16
spreading_maxsave,4.098547399975359,10,400,0.25,16
heuristic_maxsave,1.1763431000290439,10,400,0.25,16
spreading_maxsave,1.6557047999231145,1,400,0.25,36
heuristic_maxsave,0.3929994000354782,1,400,0.25,36
spreading_maxsave,1.7274234000360593,2,400,0.25,60
heuristic_maxsave,0.7442856000270694,2,400,0.25,56
spreading_maxsave,2.0072981000412256,3,400,0.25,77
heuristic_maxsave,0.8529319999506697,3,400,0.25,71
spreading_maxsave,3.496907699969597,5,400,0.25,91
heuristic_maxsave,1.629866800038144,5,400,0.25,88
spreading_maxsave,3.9209115999983624,7,400,0.25,93
heuristic_maxsave,1.765092400019057,7,400,0.25,95
spreading_maxsave,4.008533900021575,10,400,0.25,96
heuristic_maxsave,2.1632043999852613,10,400,0.25,98
spreading_maxsave,1.628568600048311,1,400,0.25,46
heuristic_maxsave,0.4256362000014633,1,400,0.25,42
spreading_maxsave,1.9367044999962673,2,400,0.25,78
heuristic_maxsave,0.9098844999680296,2,400,0.25,70
spreading_maxsave,2.2795380000025034,3,400,0.25,100
heuristic_maxsave,0.9575925000244752,3,400,0.25,91
spreading_maxsave,2.4917460998985916,5,400,0.25,122
heuristic_maxsave,0.9084470000816509,5,400,0.25,118
spreading_maxsave,3.0471711000427604,7,400,0.25,124
heuristic_maxsave,1.121440100017935,7,400,0.25,128
spreading_maxsave,3.8646690999157727,10,400,0.25,127
heuristic_maxsave,1.2119651000248268,10,400,0.25,131
spreading_maxsave,1.5682660000165924,1,400,0.5,5
heuristic_maxsave,0.6408196999691427,1,400,0.5,5
spreading_maxsave,1.7948209999594837,2,400,0.5,6
heuristic_maxsave,0.8146057999692857,2,400,0.5,6
spreading_maxsave,1.8406727999681607,3,400,0.5,7
heuristic_maxsave,0.9267107000341639,3,400,0.5,7
spreading_maxsave,1.988243900006637,5,400,0.5,9
heuristic_maxsave,1.550640899920836,5,400,0.5,9
spreading_maxsave,2.4321276999544352,7,400,0.5,11
heuristic_maxsave,1.525884100003168,7,400,0.5,11
spreading_maxsave,3.406551399966702,10,400,0.5,12
heuristic_maxsave,3.4343230000231415,10,400,0.5,12
spreading_maxsave,2.620736900018528,1,400,0.5,60
heuristic_maxsave,1.215350899961777,1,400,0.5,56
spreading_maxsave,2.6486008999636397,2,400,0.5,83
heuristic_maxsave,1.7490209999959916,2,400,0.5,80
spreading_maxsave,2.6085248000454158,3,400,0.5,88
heuristic_maxsave,1.354021399980411,3,400,0.5,90
spreading_maxsave,2.888425900018774,5,400,0.5,90
heuristic_maxsave,1.7814302999759093,5,400,0.5,93
spreading_maxsave,3.1852275000419468,7,400,0.5,92
heuristic_maxsave,2.1566060999175534,7,400,0.5,95
spreading_maxsave,4.185930800042115,10,400,0.5,95
heuristic_maxsave,2.9408187998924404,10,400,0.5,98
spreading_maxsave,2.1057098999153823,1,400,0.5,57
heuristic_maxsave,0.9643794998992234,1,400,0.5,52
spreading_maxsave,2.14720100001432,2,400,0.5,81
heuristic_maxsave,0.9200945000629872,2,400,0.5,76
spreading_maxsave,2.6124491000082344,3,400,0.5,87
heuristic_maxsave,1.2356805999297649,3,400,0.5,88
spreading_maxsave,2.9530674999114126,5,400,0.5,89
heuristic_maxsave,1.4221568000502884,5,400,0.5,90
spreading_maxsave,3.087301299907267,7,400,0.5,91
heuristic_maxsave,1.9891584001015872,7,400,0.5,92
spreading_maxsave,3.657404800062068,10,400,0.5,94
heuristic_maxsave,2.5015650999266654,10,400,0.5,95
spreading_maxsave,1.6956602999707684,1,400,0.5,38
heuristic_maxsave,0.7316206000978127,1,400,0.5,37
spreading_maxsave,1.719696499989368,2,400,0.5,52
heuristic_maxsave,1.1083099000388756,2,400,0.5,52
spreading_maxsave,2.9166426999727264,3,400,0.5,54
heuristic_maxsave,2.2424248999450356,3,400,0.5,55
spreading_maxsave,4.899210300063714,5,400,0.5,56
heuristic_maxsave,1.935149500030093,5,400,0.5,57
spreading_maxsave,4.57331130001694,7,400,0.5,58
heuristic_maxsave,2.6949208000442013,7,400,0.5,59
spreading_maxsave,4.146226800046861,10,400,0.5,61
heuristic_maxsave,2.6797232000390068,10,400,0.5,62
spreading_maxsave,1.3884225999936461,1,400,0.5,6
heuristic_maxsave,0.6287273000925779,1,400,0.5,6
spreading_maxsave,1.4114228999242187,2,400,0.5,7
heuristic_maxsave,0.8639756999909878,2,400,0.5,8
spreading_maxsave,1.8203448000131175,3,400,0.5,8
heuristic_maxsave,1.483727400074713,3,400,0.5,9
spreading_maxsave,2.796859099995345,5,400,0.5,10
heuristic_maxsave,1.7246419999282807,5,400,0.5,10
spreading_maxsave,2.339471200015396,7,400,0.5,10
heuristic_maxsave,1.7222867999225855,7,400,0.5,10
spreading_maxsave,3.909774799947627,10,400,0.5,10
heuristic_maxsave,3.3322001999476925,10,400,0.5,10
spreading_maxsave,1.5074070999398828,1,400,0.5,53
heuristic_maxsave,0.6960963999154046,1,400,0.5,53
spreading_maxsave,1.6077459000516683,2,400,0.5,77
heuristic_maxsave,0.949374399962835,2,400,0.5,72
spreading_maxsave,2.316482099937275,3,400,0.5,82
heuristic_maxsave,1.8812077000038698,3,400,0.5,83
spreading_maxsave,3.283677500090562,5,400,0.5,84
heuristic_maxsave,2.8552328000077978,5,400,0.5,85
spreading_maxsave,3.7178163999924436,7,400,0.5,86
heuristic_maxsave,2.0486028000013903,7,400,0.5,87
spreading_maxsave,3.4899322000565007,10,400,0.5,89
heuristic_maxsave,2.316881400067359,10,400,0.5,90
spreading_maxsave,1.3773051999742165,1,400,0.5,54
heuristic_maxsave,0.6212009999435395,1,400,0.5,51
spreading_maxsave,1.7293692999519408,2,400,0.5,76
heuristic_maxsave,0.9266956000356004,2,400,0.5,71
spreading_maxsave,3.074465599958785,3,400,0.5,80
heuristic_maxsave,1.0809760999400169,3,400,0.5,82
spreading_maxsave,2.250353500014171,5,400,0.5,82
heuristic_maxsave,1.5781325999414548,5,400,0.5,84
spreading_maxsave,3.06997599999886,7,400,0.5,84
heuristic_maxsave,1.5978439000900835,7,400,0.5,86
spreading_maxsave,3.5911505999974906,10,400,0.5,87
heuristic_maxsave,2.416772300028242,10,400,0.5,89
spreading_maxsave,1.50862059998326,1,400,0.5,32
heuristic_maxsave,0.5816569000016898,1,400,0.5,30
spreading_maxsave,1.7692268999526277,2,400,0.5,44
heuristic_maxsave,0.7383497999981046,2,400,0.5,42
spreading_maxsave,2.0192547000478953,3,400,0.5,45
heuristic_maxsave,1.2090138999046758,3,400,0.5,47
spreading_maxsave,2.1687887998996302,5,400,0.5,47
heuristic_maxsave,1.4237172999419272,5,400,0.5,49
spreading_maxsave,2.949223199975677,7,400,0.5,49
heuristic_maxsave,3.1932866000570357,7,400,0.5,51
spreading_maxsave,3.713447400019504,10,400,0.5,52
heuristic_maxsave,2.2862808000063524,10,400,0.5,54
spreading_maxsave,1.514275599969551,1,400,0.5,57
heuristic_maxsave,0.6600403999909759,1,400,0.5,57
spreading_maxsave,2.059749300009571,2,400,0.5,82
heuristic_maxsave,1.0862239999696612,2,400,0.5,79
spreading_maxsave,2.1952829000074416,3,400,0.5,88
heuristic_maxsave,1.336350500001572,3,400,0.5,90
spreading_maxsave,2.522024799953215,5,400,0.5,90
heuristic_maxsave,1.6031478999648243,5,400,0.5,92
spreading_maxsave,4.500049699912779,7,400,0.5,92
heuristic_maxsave,3.022714599967003,7,400,0.5,94
spreading_maxsave,5.687243600026704,10,400,0.5,95
heuristic_maxsave,3.7271162000251934,10,400,0.5,97
spreading_maxsave,2.0117172999307513,1,400,0.5,50
heuristic_maxsave,0.8918772001052275,1,400,0.5,45
spreading_maxsave,1.9647738999919966,2,400,0.5,70
heuristic_maxsave,1.1634305999614298,2,400,0.5,65
spreading_maxsave,2.477206999901682,3,400,0.5,71
heuristic_maxsave,1.259211799944751,3,400,0.5,72
spreading_maxsave,3.30920060002245,5,400,0.5,73
heuristic_maxsave,2.8500455000903457,5,400,0.5,74
spreading_maxsave,4.659906500019133,7,400,0.5,75
heuristic_maxsave,3.8637928999960423,7,400,0.5,76
spreading_maxsave,8.537450800067745,10,400,0.5,78
heuristic_maxsave,4.250418399926275,10,400,0.5,79
spreading_maxsave,2.0132945000659674,1,400,0.8,26
heuristic_maxsave,1.5707719000056386,1,400,0.8,22
spreading_maxsave,2.7233607000671327,2,400,0.8,27
heuristic_maxsave,2.1217116999905556,2,400,0.8,27
spreading_maxsave,2.992840899969451,3,400,0.8,28
heuristic_maxsave,3.0359456000151113,3,400,0.8,28
spreading_maxsave,3.7223317000316456,5,400,0.8,30
heuristic_maxsave,3.8062605999875814,5,400,0.8,30
spreading_maxsave,4.453998100012541,7,400,0.8,32
heuristic_maxsave,4.942252399981953,7,400,0.8,32
spreading_maxsave,5.2212915000272915,10,400,0.8,35
heuristic_maxsave,6.455980099970475,10,400,0.8,35
spreading_maxsave,1.6555953999049962,1,400,0.8,10
heuristic_maxsave,1.373245200025849,1,400,0.8,10
spreading_maxsave,2.079679899965413,2,400,0.8,11
heuristic_maxsave,1.8485442000674084,2,400,0.8,11
spreading_maxsave,2.2672343000303954,3,400,0.8,12
heuristic_maxsave,2.7969867000356317,3,400,0.8,12
spreading_maxsave,3.657689100014977,5,400,0.8,14
heuristic_maxsave,3.8159360999707133,5,400,0.8,14
spreading_maxsave,3.9856179000344127,7,400,0.8,16
heuristic_maxsave,4.470608200062998,7,400,0.8,16
spreading_maxsave,5.297097000060603,10,400,0.8,19
heuristic_maxsave,6.686428899993189,10,400,0.8,19
spreading_maxsave,1.770353400032036,1,400,0.8,11
heuristic_maxsave,1.4536558999679983,1,400,0.8,11
spreading_maxsave,2.085843399981968,2,400,0.8,12
heuristic_maxsave,2.170882700011134,2,400,0.8,12
spreading_maxsave,2.52179539995268,3,400,0.8,13
heuristic_maxsave,2.9076118000084534,3,400,0.8,13
spreading_maxsave,3.2376727999653667,5,400,0.8,15
heuristic_maxsave,3.4660475000273436,5,400,0.8,15
spreading_maxsave,4.0386270000599325,7,400,0.8,17
heuristic_maxsave,4.908147900016047,7,400,0.8,17
spreading_maxsave,4.8864500999916345,10,400,0.8,20
heuristic_maxsave,6.767743999953382,10,400,0.8,20
spreading_maxsave,1.8860391000052914,1,400,0.8,1
heuristic_maxsave,1.3013525999849662,1,400,0.8,1
spreading_maxsave,2.1292659000027925,2,400,0.8,2
heuristic_maxsave,1.8807489000028,2,400,0.8,2
spreading_maxsave,3.2015905000735074,3,400,0.8,3
heuristic_maxsave,2.4585589000489563,3,400,0.8,3
spreading_maxsave,2.9977057999931276,5,400,0.8,5
heuristic_maxsave,3.6002356000244617,5,400,0.8,5
spreading_maxsave,3.915951200062409,7,400,0.8,7
heuristic_maxsave,4.306010100059211,7,400,0.8,7
spreading_maxsave,4.885041299974546,10,400,0.8,10
heuristic_maxsave,6.13123259996064,10,400,0.8,10
spreading_maxsave,2.143039199989289,1,400,0.8,30
heuristic_maxsave,1.5471258000470698,1,400,0.8,29
spreading_maxsave,3.2271459999028593,2,400,0.8,31
heuristic_maxsave,3.2044814999680966,2,400,0.8,31
spreading_maxsave,2.6080813000444323,3,400,0.8,32
heuristic_maxsave,2.515156799927354,3,400,0.8,32
spreading_maxsave,3.641071500023827,5,400,0.8,34
heuristic_maxsave,3.9804605999961495,5,400,0.8,34
spreading_maxsave,5.400917800026946,7,400,0.8,36
heuristic_maxsave,5.956933600013144,7,400,0.8,36
spreading_maxsave,8.351435599965043,10,400,0.8,39
heuristic_maxsave,5.745067600044422,10,400,0.8,39
spreading_maxsave,1.8103762000100687,1,400,0.8,14
heuristic_maxsave,1.9649337000446394,1,400,0.8,12
spreading_maxsave,2.6472633000230417,2,400,0.8,15
heuristic_maxsave,2.3552363000344485,2,400,0.8,15
spreading_maxsave,2.290661499951966,3,400,0.8,16
heuristic_maxsave,2.4807044999906793,3,400,0.8,16
spreading_maxsave,3.0739299000706524,5,400,0.8,18
heuristic_maxsave,3.734159899991937,5,400,0.8,18
spreading_maxsave,7.457501599914394,7,400,0.8,20
heuristic_maxsave,6.393885000026785,7,400,0.8,20
spreading_maxsave,4.976947499904782,10,400,0.8,23
heuristic_maxsave,7.7737799000460654,10,400,0.8,23
spreading_maxsave,1.9639008999802172,1,400,0.8,28
heuristic_maxsave,1.2759749999968335,1,400,0.8,25
spreading_maxsave,2.8714887000387534,2,400,0.8,29
heuristic_maxsave,2.808405200019479,2,400,0.8,29
spreading_maxsave,3.5612307999981567,3,400,0.8,30
heuristic_maxsave,2.371255900012329,3,400,0.8,30
spreading_maxsave,3.8074820999754593,5,400,0.8,32
heuristic_maxsave,3.3883560999529436,5,400,0.8,32
spreading_maxsave,2.8122434000251815,7,400,0.8,34
heuristic_maxsave,2.7964734999695793,7,400,0.8,34
spreading_maxsave,3.1765019999584183,10,400,0.8,37
heuristic_maxsave,6.983572399942204,10,400,0.8,37
spreading_maxsave,1.2334287000121549,1,400,0.8,31
heuristic_maxsave,1.384699699934572,1,400,0.8,30
spreading_maxsave,3.275498899980448,2,400,0.8,32
heuristic_maxsave,1.6091400999575853,2,400,0.8,32
spreading_maxsave,2.86130420002155,3,400,0.8,33
heuristic_maxsave,2.1885246000019833,3,400,0.8,33
spreading_maxsave,3.6222858999390155,5,400,0.8,35
heuristic_maxsave,3.635788100073114,5,400,0.8,35
spreading_maxsave,2.397705400013365,7,400,0.8,37
heuristic_maxsave,3.5528627999592572,7,400,0.8,37
spreading_maxsave,2.9992288999492303,10,400,0.8,40
heuristic_maxsave,3.5993272999767214,10,400,0.8,40
spreading_maxsave,0.942056700005196,1,400,0.8,26
heuristic_maxsave,0.6989069000119343,1,400,0.8,26
spreading_maxsave,1.3272263000253588,2,400,0.8,27
heuristic_maxsave,1.5822270000353456,2,400,0.8,27
spreading_maxsave,2.4209767999127507,3,400,0.8,28
heuristic_maxsave,2.044094300013967,3,400,0.8,28
spreading_maxsave,2.929254300077446,5,400,0.8,30
heuristic_maxsave,2.796738400007598,5,400,0.8,30
spreading_maxsave,2.5675467000110075,7,400,0.8,32
heuristic_maxsave,2.27934569993522,7,400,0.8,32
spreading_maxsave,2.545426599914208,10,400,0.8,35
heuristic_maxsave,2.8712232999969274,10,400,0.8,35
spreading_maxsave,0.9230111999204382,1,400,0.8,38
heuristic_maxsave,1.4795427999924868,1,400,0.8,35
spreading_maxsave,1.2002962999977171,2,400,0.8,39
heuristic_maxsave,1.479077799944207,2,400,0.8,39
spreading_maxsave,1.8608217999571934,3,400,0.8,40
heuristic_maxsave,1.6345026000635698,3,400,0.8,40
spreading_maxsave,1.4384396000532433,5,400,0.8,42
heuristic_maxsave,1.9896055998979136,5,400,0.8,42
spreading_maxsave,2.16719639999792,7,400,0.8,44
heuristic_maxsave,3.164479000028223,7,400,0.8,44
spreading_maxsave,2.636236199992709,10,400,0.8,47
heuristic_maxsave,5.786623700056225,10,400,0.8,47
,1747.6515727000078,,,,
